12:05:33 vault    0x2314436ed2BDC44321c74EF43adA14CAE723D352
12:05:33 operator 0x39D2bae5EAedA9283535dDC98F1991c81eD5Cd7E
12:05:33 interval 30s  active 3  size 100  dead 6 ticks  gas floor 0.5 STT  1 cycles
12:05:53 settle   old 0xbCAe98 slot 1  rejected: The contract function "settle" reverted with the following signature:
12:06:24 quote    slot 0 ETH-0-28AUG26-1300/tUSDC  theirs 0.607/0.636  ours 0.609/0.633  escrow 97.60
12:06:27 quote    slot 0 be8e  success  0x594c2b2dd95a4653708a12a91a6098337fea261ea48ca1ac3069c9ddac5619ab  gas 2994143
12:06:27 arm      skipped: vault holds 0 STT, floor is 32
12:06:30 quote    slot 1 BTC-0-28AUG26-1300/tUSDC  theirs 0.705/0.733  ours 0.707/0.731  escrow 97.60
12:06:32 quote    slot 1 be8d  success  0xcfde85077bdbe0a676dcb723bbb8d4c0d1b3e9d43313a4489d06fcbd01b6efeb  gas 2994274
12:06:33 arm      skipped: vault holds 0 STT, floor is 32
12:06:34 quote    slot 2 ETH-0-28AUG26-1600/tUSDC  theirs 0.545/0.574  ours 0.547/0.571  escrow 97.60
12:06:36 quote    slot 2 be8c  success  0x8b0cda530e4f0a78e596f50cfb105b5ded23eef3ec90c2481de69f11a8cdfa2b  gas 2994405
12:06:37 arm      skipped: vault holds 0 STT, floor is 32
12:06:39 cycle 1  NAV 4498.07  idle 4391.57  resting 106.50  share 0.960229
12:10:57 vault    0x2314436ed2BDC44321c74EF43adA14CAE723D352
12:10:57 operator 0x39D2bae5EAedA9283535dDC98F1991c81eD5Cd7E
12:10:57 interval 30s  active 3  size 100  dead 6 ticks  gas floor 0.5 STT  1 cycles
12:11:12 settle   old 0xbCAe98 slot 1  rejected: The contract function "settle" reverted with the following signature:
12:11:49 cycle 1  NAV 4498.07  idle 4391.57  resting 106.50  share 0.960229
12:26:01 vault    0x2314436ed2BDC44321c74EF43adA14CAE723D352
12:26:01 operator 0x39D2bae5EAedA9283535dDC98F1991c81eD5Cd7E
12:26:01 interval 30s  active 3  size 100  dead 6 ticks  gas floor 0.5 STT  1 cycles
12:26:17 settle   old 0xbCAe98 slot 1  rejected: The contract function "settle" reverted with the following signature:
12:26:47 slot 0: complete set held, book 268 ticks from our mid — flattening
12:26:52 flatten  slot 0 be8e  success  0x1dbc4335ddab6a15bb47e301a1375b742fe59eb6f078e2c89917069d0edf0204  gas 808819
12:26:54 slot 1: complete set held, book 271 ticks from our mid — flattening
12:26:58 flatten  slot 1 be8d  success  0xfefefc9e92f72b94643eefba52403a4bbba8339f602fe56204f8364180bc8d99  gas 808819
12:26:59 slot 2: complete set held, book 131 ticks from our mid — flattening
12:27:02 flatten  slot 2 be8c  success  0xff6c96aee3b52349cb3482b0684fd197166ce40c530901e94f1d447d07c9a233  gas 808819
12:27:09 quote    slot 0 BTC-0-28AUG26-1600/tUSDC  theirs 0.441/0.471  ours 0.443/0.469  escrow 97.40
12:27:11 quote    slot 0 be8b  success  0xb56105ea4ac78d1c9030837a29b9d6bc46993878a8d4998330fbc3a456dad021  gas 994143
12:27:12 arm      skipped: vault holds 0 STT, floor is 32
12:27:14 quote    slot 1 ETH-0-29AUG26/tUSDC  theirs 0.337/0.365  ours 0.339/0.363  escrow 97.60
12:27:18 quote    slot 1 b74c  success  0x1bd059be96249be4f5a8382f027a3c6bc95f886ef21761a7c329b49c9ff4cc72  gas 5819393
12:27:19 arm      skipped: vault holds 0 STT, floor is 32
12:27:20 quote    slot 2 BTC-0-29AUG26/tUSDC  theirs 0.140/0.164  ours 0.142/0.162  escrow 98.00
12:27:23 quote    slot 2 b74b  success  0x4b97d42abfc98c32b27fd68e9f8223260b2fdd9dfb5a379e3b2e02910841cd03  gas 1043546
12:27:23 arm      skipped: vault holds 0 STT, floor is 32
12:27:26 cycle 1  NAV 4691.57  idle 4398.57  resting 293.00  share 1.001537
12:41:01 vault    0x2314436ed2BDC44321c74EF43adA14CAE723D352
12:41:01 operator 0x39D2bae5EAedA9283535dDC98F1991c81eD5Cd7E
12:41:01 interval 30s  active 3  size 100  dead 6 ticks  gas floor 0.5 STT  1 cycles
12:41:14 settle   old 0xbCAe98 slot 1  rejected: The contract function "settle" reverted with the following signature:
12:41:53 cycle 1  NAV 4599.17  idle 4398.57  resting 200.60  share 0.981812
12:56:01 vault    0x2314436ed2BDC44321c74EF43adA14CAE723D352
12:56:01 operator 0x39D2bae5EAedA9283535dDC98F1991c81eD5Cd7E
12:56:01 interval 30s  active 3  size 100  dead 6 ticks  gas floor 0.5 STT  1 cycles
12:56:14 settle   old 0xbCAe98 slot 1  rejected: The contract function "settle" reverted with the following signature:
12:56:44 cycle 1  NAV 4599.17  idle 4398.57  resting 200.60  share 0.981812
13:11:01 vault    0x2314436ed2BDC44321c74EF43adA14CAE723D352
13:11:01 operator 0x39D2bae5EAedA9283535dDC98F1991c81eD5Cd7E
13:11:01 interval 30s  active 3  size 100  dead 6 ticks  gas floor 0.5 STT  1 cycles
13:11:13 settle   old 0xbCAe98 slot 1  rejected: The contract function "settle" reverted with the following signature:
13:11:44 cycle 1  NAV 4599.17  idle 4398.57  resting 200.60  share 0.981812
13:26:01 vault    0x2314436ed2BDC44321c74EF43adA14CAE723D352
13:26:01 operator 0x39D2bae5EAedA9283535dDC98F1991c81eD5Cd7E
13:26:01 interval 30s  active 3  size 100  dead 6 ticks  gas floor 0.5 STT  1 cycles
13:26:12 settle   old 0xbCAe98 slot 1  rejected: The contract function "settle" reverted with the following signature:
13:26:44 cycle 1  NAV 4599.17  idle 4398.57  resting 200.60  share 0.981812
13:41:01 vault    0x2314436ed2BDC44321c74EF43adA14CAE723D352
13:41:01 operator 0x39D2bae5EAedA9283535dDC98F1991c81eD5Cd7E
13:41:01 interval 30s  active 3  size 100  dead 6 ticks  gas floor 0.5 STT  1 cycles
13:41:18 settle   old 0xbCAe98 slot 1  rejected: The contract function "settle" reverted with the following signature:
13:41:54 slot 2: complete set held, book 10 ticks from our mid — flattening
13:41:56 flatten  slot 2 b74b  success  0x199103d9c90fd8a42d48ec89e008673a0b1345e4cb62ce0bef167f0607abc0f3  gas 808819
13:42:04 quote    slot 2 ETH-0-28AUG26-1400/tUSDC  theirs 0.496/0.526  ours 0.498/0.524  escrow 97.40
13:42:06 quote    slot 2 bf30  success  0x2f82b2dc2e7748a7f7aad6678fd446be042bde691f909f52038c21319b39d62f  gas 996631
13:42:07 arm      skipped: vault holds 0 STT, floor is 32
13:42:09 cycle 1  NAV 4651.67  idle 4401.17  resting 150.50  share 0.993019
13:56:01 vault    0x2314436ed2BDC44321c74EF43adA14CAE723D352
13:56:01 operator 0x39D2bae5EAedA9283535dDC98F1991c81eD5Cd7E
13:56:01 interval 30s  active 3  size 100  dead 6 ticks  gas floor 0.5 STT  1 cycles
13:56:14 settle   old 0xbCAe98 slot 1  rejected: The contract function "settle" reverted with the following signature:
13:56:40 slot 1: complete set held, book 166 ticks from our mid — flattening
13:56:43 flatten  slot 1 b74c  success  0xd05b00207c4ad37427cbe995fa338555d9d9712c46468a194a55f607ad626b3e  gas 408819
13:56:50 quote    slot 1 ETH-0-28AUG26-1600/tUSDC  theirs 0.628/0.657  ours 0.630/0.654  escrow 97.60
13:56:53 quote    slot 1 be8c  success  0x0b7b12bc89f311c13824c70bb8e96e374e76cd87188c4ac279eaa7073ea5639d  gas 594405
13:56:53 arm      skipped: vault holds 0 STT, floor is 32
13:56:54 cycle 1  NAV 4654.27  idle 4403.57  resting 150.70  share 0.993574
14:11:01 vault    0x2314436ed2BDC44321c74EF43adA14CAE723D352
14:11:01 operator 0x39D2bae5EAedA9283535dDC98F1991c81eD5Cd7E
14:11:01 interval 30s  active 3  size 100  dead 6 ticks  gas floor 0.5 STT  1 cycles
14:11:16 settle   old 0xbCAe98 slot 1  rejected: The contract function "settle" reverted with the following signature:
14:11:44 slot 0: complete set held, book 265 ticks from our mid — flattening
14:11:46 flatten  slot 0 be8b  success  0x2cfd0c3fc3e1407959fa5054acd5f8f20651214b67dc92e15203c036bd0e947e  gas 808819
14:11:48 slot 1: complete set held, book 381 ticks from our mid — flattening
14:11:51 flatten  slot 1 be8c  success  0xaa6fbb4c95b2220e0bf71705b5f18dc82b20431808897ce73263485ac580cc99  gas 408819
14:11:54 settle   slot 2 bf30  success  0x4d2232819f003f064c40744e04dd490cd17d4efdd82faec0dfde84218b9c5368  gas 317642
14:12:03 quote    slot 0 BTC-0-28AUG26-1500/tUSDC  theirs 0.190/0.215  ours 0.192/0.212  escrow 98.00
14:12:05 quote    slot 0 bfe1  success  0x05cba9e0375cef9589602f5034411dee7287831a34676e01ae6fc08aeaaa7999  gas 1394143
14:12:05 arm      skipped: vault holds 0 STT, floor is 32
14:12:07 quote    slot 1 ETH-0-28AUG26-1500/tUSDC  theirs 0.133/0.157  ours 0.135/0.155  escrow 98.00
14:12:09 quote    slot 1 bfe2  success  0x77ca8f8a0bca2a75243ab94ed9efd3f0ed8a929b578a5e2572bb4babc02a8180  gas 994274
14:12:12 arm      skipped: vault holds 0 STT, floor is 32
14:12:13 quote    slot 2 ETH-0-29AUG26/tUSDC  theirs 0.353/0.381  ours 0.355/0.379  escrow 97.60
14:12:15 quote    slot 2 b74c  success  0x8c2e042cfa6ff6a3fb80ee5cb9f4ef02a6c6bd5b1d1dc82a7ceb09301ba5b479  gas 693455
14:12:16 arm      skipped: vault holds 0 STT, floor is 32
14:12:17 cycle 1  NAV 4703.57  idle 4409.97  resting 293.60  share 1.004099
14:26:01 vault    0x2314436ed2BDC44321c74EF43adA14CAE723D352
14:26:01 operator 0x39D2bae5EAedA9283535dDC98F1991c81eD5Cd7E
14:26:01 interval 30s  active 3  size 100  dead 6 ticks  gas floor 0.5 STT  1 cycles
14:26:17 settle   old 0xbCAe98 slot 1  rejected: The contract function "settle" reverted with the following signature:
14:26:50 slot 0: complete set held, book 84 ticks from our mid — flattening
14:26:54 flatten  slot 0 bfe1  success  0x499393e9a52fc60d786e21b7bf65e4c0c0bfac3289f461dbff5007283d2dc921  gas 808819
14:26:56 slot 1: complete set held, book 33 ticks from our mid — flattening
14:26:59 flatten  slot 1 bfe2  success  0x3850a8dff8df4fcf53c197fca416a8dd4c27b5e74c5c7fd4d15c8bda9a9a1f04  gas 808819
14:27:01 slot 2: complete set held, book 8 ticks from our mid — flattening
14:27:04 flatten  slot 2 b74c  success  0xcda7d114ef4569e24564864c9a2fc73e559441f1d74503e1d5e0b73ec9cf5f26  gas 408819
14:27:11 quote    slot 0 ETH-0-28AUG26-1600/tUSDC  theirs 0.254/0.281  ours 0.256/0.278  escrow 97.80
14:27:14 quote    slot 0 be8c  success  0x0f2ed68ef1efd9303c816fd95e1c692b47acd8cd4f0e576d5caeb628d070ab66  gas 594143
14:27:15 arm      skipped: vault holds 0 STT, floor is 32
14:27:17 quote    slot 1 BTC-0-28AUG26-1600/tUSDC  theirs 0.126/0.149  ours 0.128/0.146  escrow 98.20
14:27:20 quote    slot 1 be8b  success  0xd52655d0124fddcdfeddfc322177d091adbc92d28c23205bee3cdddabcfeafbb  gas 592397
14:27:21 arm      skipped: vault holds 0 STT, floor is 32
14:27:22 quote    slot 2 BTC-0-29AUG26/tUSDC  theirs 0.199/0.226  ours 0.201/0.223  escrow 97.80
14:27:26 quote    slot 2 b74b  success  0xeff330ab8cc0edfd64d9cf042e614e5d776c22994c0c15a438e17150722f298d  gas 643546
14:27:26 arm      skipped: vault holds 0 STT, floor is 32
14:27:28 cycle 1  NAV 4709.97  idle 4416.17  resting 293.80  share 1.005465
14:41:01 vault    0x2314436ed2BDC44321c74EF43adA14CAE723D352
14:41:01 operator 0x39D2bae5EAedA9283535dDC98F1991c81eD5Cd7E
14:41:01 interval 30s  active 3  size 100  dead 6 ticks  gas floor 0.5 STT  1 cycles
14:41:13 settle   old 0xbCAe98 slot 1  rejected: The contract function "settle" reverted with the following signature:
14:41:38 slot 0: complete set held, book 350 ticks from our mid — flattening
14:41:40 flatten  slot 0 be8c  success  0x53144bd6e704dd9b3b95eb7357178c1a6e089db73849a564047ed8dfeff47b8b  gas 408819
14:41:51 quote    slot 0 ETH-0-28AUG26-1500/tUSDC  theirs 0.598/0.627  ours 0.600/0.624  escrow 97.60
14:41:53 quote    slot 0 bfe2  success  0x55cf3a2d64ca2a736a73534f4a6c07abde2a93b0c1825b285ec1d49af831a8bc  gas 594405
14:41:54 arm      skipped: vault holds 0 STT, floor is 32
14:41:55 cycle 1  NAV 4549.07  idle 4418.57  resting 130.50  share 0.971117
14:56:01 vault    0x2314436ed2BDC44321c74EF43adA14CAE723D352
14:56:01 operator 0x39D2bae5EAedA9283535dDC98F1991c81eD5Cd7E
14:56:01 interval 30s  active 3  size 100  dead 6 ticks  gas floor 0.5 STT  1 cycles
14:56:15 settle   old 0xbCAe98 slot 1  rejected: The contract function "settle" reverted with the following signature:
14:56:39 slot 0: complete set held, book 179 ticks from our mid — flattening
14:56:41 flatten  slot 0 bfe2  success  0x28759de31f6851c8c5c28b38bb9abaf6618342e966a2814b108781f5e5abacfd  gas 408819
14:56:51 quote    slot 0 ETH-0-28AUG26-1600/tUSDC  theirs 0.667/0.695  ours 0.669/0.693  escrow 97.60
14:56:53 quote    slot 0 be8c  success  0xeb7fcee99ecde15fd0003a9f0f255575c62e1cb97a75dba9b7421e177b1ffa1a  gas 592528
14:56:54 arm      skipped: vault holds 0 STT, floor is 32
14:56:54 cycle 1  NAV 4551.47  idle 4420.97  resting 130.50  share 0.971629
15:11:01 vault    0x2314436ed2BDC44321c74EF43adA14CAE723D352
15:11:01 operator 0x39D2bae5EAedA9283535dDC98F1991c81eD5Cd7E
15:11:01 interval 30s  active 3  size 100  dead 6 ticks  gas floor 0.5 STT  1 cycles
15:11:14 settle   old 0xbCAe98 slot 1  rejected: The contract function "settle" reverted with the following signature:
15:11:38 slot 0: complete set held, book 136 ticks from our mid — flattening
15:11:40 flatten  slot 0 be8c  success  0xa894bdc48ac03a316f8e97dd941c72c3834ba964c83bf575672f081c95e555be  gas 408819
15:11:50 quote    slot 0 ETH-0-28AUG26-1600-C090/tUSDC  theirs 0.334/0.362  ours 0.336/0.360  escrow 97.60
15:11:52 quote    slot 0 c090  success  0xc434b70559fc1347bd7ecd2791802cd79219ebf2db0fb0a3a8739070b4f16dfe  gas 994405
15:11:53 arm      skipped: vault holds 0 STT, floor is 32
15:11:54 cycle 1  NAV 4553.87  idle 4423.37  resting 130.50  share 0.972141
15:26:01 vault    0x2314436ed2BDC44321c74EF43adA14CAE723D352
15:26:01 operator 0x39D2bae5EAedA9283535dDC98F1991c81eD5Cd7E
15:26:01 interval 30s  active 3  size 100  dead 6 ticks  gas floor 0.5 STT  1 cycles
15:26:12 settle   old 0xbCAe98 slot 1  rejected: The contract function "settle" reverted with the following signature:
15:26:36 slot 0: complete set held, book 77 ticks from our mid — flattening
15:26:40 flatten  slot 0 c090  success  0xf145f60f1f2927ead111713edcded8b1331d6a994d8cce62877a3a69ba8b1d9e  gas 808819
15:26:51 quote    slot 0 BTC-0-28AUG26-1600-C08F/tUSDC  theirs 0.369/0.398  ours 0.371/0.395  escrow 97.60
15:26:54 quote    slot 0 c08f  success  0xeb2d62241939e609656d48bfc3d720a9ffbb4b8a8d9a8e893284595937ef81c7  gas 994405
15:26:55 arm      skipped: vault holds 0 STT, floor is 32
15:26:56 cycle 1  NAV 4556.27  idle 4425.77  resting 130.50  share 0.972654
15:41:01 vault    0x2314436ed2BDC44321c74EF43adA14CAE723D352
15:41:01 operator 0x39D2bae5EAedA9283535dDC98F1991c81eD5Cd7E
15:41:01 interval 30s  active 3  size 100  dead 6 ticks  gas floor 0.5 STT  1 cycles
15:41:14 settle   old 0xbCAe98 slot 1  rejected: The contract function "settle" reverted with the following signature:
15:41:42 slot 2: complete set held, book 80 ticks from our mid — flattening
15:41:45 flatten  slot 2 b74b  success  0x8e86696ef9b8f57d2ff69d01855adb0709ab06d458e631f3307c5bbb68a9aaf5  gas 408819
15:41:51 quote    slot 2 ETH-0-28AUG26-1600-C090/tUSDC  theirs 0.010/0.031  ours 0.012/0.028  escrow 98.40
15:41:53 quote    slot 2 c090  success  0xbe3e106edb9f851f7ed8f4e66bb7d98ebd9fe2548132b16ee8ffc2a3f7d1d52c  gas 569574
15:41:54 arm      skipped: vault holds 0 STT, floor is 32
15:41:55 cycle 1  NAV 4686.27  idle 4427.37  resting 158.90  share 1.000406
15:59:29 vault    0x2314436ed2BDC44321c74EF43adA14CAE723D352
15:59:29 operator 0x39D2bae5EAedA9283535dDC98F1991c81eD5Cd7E
15:59:29 interval 30s  active 3  size 100 (x0.5 on 900s)  dead 6 ticks  momentum 3 ticks/20s  gas floor 0.5 STT  1 cycles
16:00:29 finalize slot 0 c08f  rejected: The contract function "finalizeMarket" reverted with the following signature:
16:00:33 settle   slot 1 be8b  success  0xdc0673d1a7d8598abb614e3a19224adc1adf9835a67476c49c86e753f6608519  gas 317695
16:00:36 finalize slot 2 c090  rejected: The contract function "finalizeMarket" reverted with the following signature:
16:11:13 vault    0x2314436ed2BDC44321c74EF43adA14CAE723D352
16:11:13 operator 0x39D2bae5EAedA9283535dDC98F1991c81eD5Cd7E
16:11:13 interval 30s  active 3  size 100 (x0.5 on 900s)  dead 6 ticks  momentum 3 ticks/20s  gas floor 0.5 STT  1 cycles
16:11:56 finalize slot 0 c08f  rejected: The contract function "finalizeMarket" reverted with the following signature:
16:11:59 finalize slot 2 c090  rejected: The contract function "finalizeMarket" reverted with the following signature:
16:12:05 sampled  4 books in 0.3s; second look in 20s
16:12:26 quote    slot 1 BTC-0-28AUG26-1700/tUSDC  theirs 0.183/0.209  ours 0.185/0.207  size 75  escrow 73.35  (mid still, 2 ticks)
16:12:28 quote    slot 1 c123  success  0xb6565ce19e149fb1581120c04de8f20a9135b5afa6622393b94f3533db5ecd63  gas 1039289
16:12:31 arm      17:00:45Z  success  0xce6dcb376a68a53cf99047835c315c31db726f00e5460d71621bcc523e711b59  gas 465755
16:12:35 cycle 1  NAV 4686.27  idle 4454.02  resting 232.25  share 1.000406
16:26:20 vault    0x2314436ed2BDC44321c74EF43adA14CAE723D352
16:26:20 operator 0x39D2bae5EAedA9283535dDC98F1991c81eD5Cd7E
16:26:20 interval 30s  active 3  size 100 (x0.5 on 900s)  dead 6 ticks  momentum 3 ticks/20s  gas floor 0.5 STT  1 cycles
16:26:58 finalize slot 0 c08f  rejected: The contract function "finalizeMarket" reverted with the following signature:
16:27:03 finalize slot 2 c090  rejected: The contract function "finalizeMarket" reverted with the following signature:
16:27:06 cycle 1  NAV 4672.40  idle 4454.02  resting 218.38  share 0.997444
16:41:20 vault    0x2314436ed2BDC44321c74EF43adA14CAE723D352
16:41:20 operator 0x39D2bae5EAedA9283535dDC98F1991c81eD5Cd7E
16:41:20 interval 30s  active 3  size 100 (x0.5 on 900s)  dead 6 ticks  momentum 3 ticks/20s  gas floor 0.5 STT  1 cycles
16:42:03 finalize slot 0 c08f  rejected: The contract function "finalizeMarket" reverted with the following signature:
16:42:51 finalize slot 2 c090  rejected: The contract function "finalizeMarket" reverted with the following signature:
16:42:55 cycle 1  NAV 4672.40  idle 4454.02  resting 218.38  share 0.997444
16:56:10 vault    0x2314436ed2BDC44321c74EF43adA14CAE723D352
16:56:10 operator 0x39D2bae5EAedA9283535dDC98F1991c81eD5Cd7E
16:56:10 interval 30s  active 3  size 100 (x0.5 on 900s)  dead 6 ticks  momentum 3 ticks/20s  gas floor 0.5 STT  1 cycles
16:56:51 finalize slot 0 c08f  rejected: The contract function "finalizeMarket" reverted with the following signature:
16:56:57 finalize slot 2 c090  rejected: The contract function "finalizeMarket" reverted with the following signature:
16:57:01 cycle 1  NAV 4672.40  idle 4454.02  resting 218.38  share 0.997444
17:11:02 vault    0x2314436ed2BDC44321c74EF43adA14CAE723D352
17:11:02 operator 0x39D2bae5EAedA9283535dDC98F1991c81eD5Cd7E
17:11:02 interval 30s  active 3  size 100 (x0.5 on 900s)  dead 6 ticks  momentum 3 ticks/20s  gas floor 0.5 STT  1 cycles
17:11:34 finalize slot 0 c08f  rejected: The contract function "finalizeMarket" reverted with the following signature:
17:11:37 finalize slot 2 c090  rejected: The contract function "finalizeMarket" reverted with the following signature:
17:11:42 sampled  4 books in 0.3s; second look in 20s
17:12:03 skip     ETH-0-28AUG26-1800/tUSDC  mid moved 58 ticks in 20s — trending, not quoting
17:12:03 skip     BTC-0-28AUG26-1800/tUSDC  mid moved 61 ticks in 20s — trending, not quoting
17:12:03 skip     BTC-0-28AUG26-2000/tUSDC  mid moved 29 ticks in 20s — trending, not quoting
17:12:03 skip     ETH-0-28AUG26-2000/tUSDC  mid moved 18 ticks in 20s — trending, not quoting
17:12:07 cycle 1  NAV 4672.40  idle 4513.50  resting 158.90  share 0.997444
17:26:02 vault    0x2314436ed2BDC44321c74EF43adA14CAE723D352
17:26:02 operator 0x39D2bae5EAedA9283535dDC98F1991c81eD5Cd7E
17:26:02 interval 30s  active 3  size 100 (x0.5 on 900s)  dead 6 ticks  momentum 3 ticks/20s  gas floor 0.5 STT  1 cycles
17:26:37 finalize slot 0 c08f  rejected: The contract function "finalizeMarket" reverted with the following signature:
17:26:39 finalize slot 2 c090  rejected: The contract function "finalizeMarket" reverted with the following signature:
17:26:46 sampled  4 books in 0.3s; second look in 20s
17:27:07 skip     ETH-0-28AUG26-1800/tUSDC  mid moved 16 ticks in 20s — trending, not quoting
17:27:07 skip     BTC-0-28AUG26-1800/tUSDC  mid moved 40 ticks in 20s — trending, not quoting
17:27:07 skip     ETH-0-28AUG26-2000/tUSDC  mid moved 3 ticks in 20s — trending, not quoting
17:27:07 skip     BTC-0-28AUG26-2000/tUSDC  mid moved 5 ticks in 20s — trending, not quoting
17:27:11 cycle 1  NAV 4672.40  idle 4513.50  resting 158.90  share 0.997444
17:41:02 vault    0x2314436ed2BDC44321c74EF43adA14CAE723D352
17:41:02 operator 0x39D2bae5EAedA9283535dDC98F1991c81eD5Cd7E
17:41:02 interval 30s  active 3  size 100 (x0.5 on 900s)  dead 6 ticks  momentum 3 ticks/20s  gas floor 0.5 STT  1 cycles
17:41:36 finalize slot 0 c08f  rejected: The contract function "finalizeMarket" reverted with the following signature:
17:41:38 finalize slot 2 c090  rejected: The contract function "finalizeMarket" reverted with the following signature:
17:41:44 sampled  4 books in 0.4s; second look in 20s
17:42:05 skip     ETH-0-28AUG26-1800/tUSDC  mid moved 32 ticks in 20s — trending, not quoting
17:42:05 skip     BTC-0-28AUG26-1800/tUSDC  mid moved 20 ticks in 20s — trending, not quoting
17:42:05 quote    slot 1 BTC-0-28AUG26-2000/tUSDC  theirs 0.121/0.144  ours 0.123/0.141  size 100  escrow 98.20  (mid still, 0 ticks)
17:42:07 quote    slot 1 c121  success  0x4a7b749dab7fbdc212f0a4d1f98b80745bd6e8933c24325233097a8c0bea32ef  gas 594405
17:42:11 arm      20:00:45Z  success  0xa7a373dc2d02441768213909425acf2515dcd02efc62a65b76f593a2fbc0f717  gas 465755
17:42:13 cycle 1  NAV 4672.40  idle 4415.30  resting 257.10  share 0.997444
17:56:02 vault    0x2314436ed2BDC44321c74EF43adA14CAE723D352
17:56:02 operator 0x39D2bae5EAedA9283535dDC98F1991c81eD5Cd7E
17:56:02 interval 30s  active 3  size 100 (x0.5 on 900s)  dead 6 ticks  momentum 3 ticks/20s  gas floor 0.5 STT  1 cycles
17:56:36 finalize slot 0 c08f  rejected: The contract function "finalizeMarket" reverted with the following signature:
17:56:40 finalize slot 2 c090  rejected: The contract function "finalizeMarket" reverted with the following signature:
17:56:42 cycle 1  NAV 4586.50  idle 4415.30  resting 171.20  share 0.979106
18:11:02 vault    0x2314436ed2BDC44321c74EF43adA14CAE723D352
18:11:02 operator 0x39D2bae5EAedA9283535dDC98F1991c81eD5Cd7E
18:11:02 interval 30s  active 3  size 100 (x0.5 on 900s)  dead 6 ticks  momentum 3 ticks/20s  gas floor 0.5 STT  1 cycles
18:11:38 finalize slot 0 c08f  rejected: The contract function "finalizeMarket" reverted with the following signature:
18:11:40 slot 1: complete set held, book 56 ticks from our mid — flattening
18:11:43 flatten  slot 1 c121  success  0x2899f7918cf6a2c13e194eb9499560c78df78ae7f5fc1824bed7735d54acc2d2  gas 808819
18:11:46 finalize slot 2 c090  rejected: The contract function "finalizeMarket" reverted with the following signature:
18:11:51 sampled  3 books in 0.4s; second look in 20s
18:12:12 skip     ETH-0-28AUG26-1900/tUSDC  mid moved 15 ticks in 20s — trending, not quoting
18:12:12 skip     BTC-0-28AUG26-1900/tUSDC  mid moved 9 ticks in 20s — trending, not quoting
18:12:12 skip     ETH-0-28AUG26-2000/tUSDC  mid 0.015 — priced as near-certain, no two-sided trade here
18:12:16 cycle 1  NAV 4674.20  idle 4515.30  resting 158.90  share 0.997828
18:26:02 vault    0x2314436ed2BDC44321c74EF43adA14CAE723D352
18:26:02 operator 0x39D2bae5EAedA9283535dDC98F1991c81eD5Cd7E
18:26:02 interval 30s  active 3  size 100 (x0.5 on 900s)  dead 6 ticks  momentum 3 ticks/20s  gas floor 0.5 STT  1 cycles
18:26:43 finalize slot 0 c08f  rejected: The contract function "finalizeMarket" reverted with the following signature:
18:26:46 finalize slot 2 c090  rejected: The contract function "finalizeMarket" reverted with the following signature:
18:26:54 sampled  3 books in 0.3s; second look in 20s
18:27:15 quote    slot 1 ETH-0-28AUG26-1900/tUSDC  theirs 0.089/0.111  ours 0.091/0.109  size 75  escrow 73.65  (mid still, 1 ticks)
18:27:18 quote    slot 1 c248  success  0x933190005c07b66ae026119b67ac990b2473d867d80f27e85505d49f7d3bc549  gas 594405
18:27:22 arm      19:00:45Z  success  0xf0a3386f5f97d98cc4ad443513a09524d2a7a4defe47b7f0caa993c1e4db905c  gas 465755
18:27:24 cycle 1  NAV 4674.20  idle 4441.65  resting 232.55  share 0.997828
18:41:02 vault    0x2314436ed2BDC44321c74EF43adA14CAE723D352
18:41:02 operator 0x39D2bae5EAedA9283535dDC98F1991c81eD5Cd7E
18:41:02 interval 30s  active 3  size 100 (x0.5 on 900s)  dead 6 ticks  momentum 3 ticks/20s  gas floor 0.5 STT  1 cycles
18:41:48 finalize slot 0 c08f  rejected: The contract function "finalizeMarket" reverted with the following signature:
18:41:52 finalize slot 2 c090  rejected: The contract function "finalizeMarket" reverted with the following signature:
18:41:55 cycle 1  NAV 4667.37  idle 4441.65  resting 225.72  share 0.996371
18:56:02 vault    0x2314436ed2BDC44321c74EF43adA14CAE723D352
18:56:02 operator 0x39D2bae5EAedA9283535dDC98F1991c81eD5Cd7E
18:56:02 interval 30s  active 3  size 100 (x0.5 on 900s)  dead 6 ticks  momentum 3 ticks/20s  gas floor 0.5 STT  1 cycles
18:56:35 finalize slot 0 c08f  rejected: The contract function "finalizeMarket" reverted with the following signature:
18:56:41 finalize slot 2 c090  rejected: The contract function "finalizeMarket" reverted with the following signature:
18:56:44 cycle 1  NAV 4667.37  idle 4441.65  resting 225.72  share 0.996371
19:11:02 vault    0x2314436ed2BDC44321c74EF43adA14CAE723D352
19:11:02 operator 0x39D2bae5EAedA9283535dDC98F1991c81eD5Cd7E
19:11:02 interval 30s  active 3  size 100 (x0.5 on 900s)  dead 6 ticks  momentum 3 ticks/20s  gas floor 0.5 STT  1 cycles
19:11:43 finalize slot 0 c08f  rejected: The contract function "finalizeMarket" reverted with the following signature:
19:11:46 finalize slot 2 c090  rejected: The contract function "finalizeMarket" reverted with the following signature:
19:11:52 sampled  2 books in 0.4s; second look in 20s
19:12:13 skip     ETH-0-28AUG26-2000-C2DA/tUSDC  mid moved 4 ticks in 20s — trending, not quoting
19:12:13 skip     BTC-0-28AUG26-2000-C2D9/tUSDC  mid moved 12 ticks in 20s — trending, not quoting
19:12:16 cycle 1  NAV 4667.37  idle 4508.47  resting 158.90  share 0.996371
19:26:02 vault    0x2314436ed2BDC44321c74EF43adA14CAE723D352
19:26:02 operator 0x39D2bae5EAedA9283535dDC98F1991c81eD5Cd7E
19:26:02 interval 30s  active 3  size 100 (x0.5 on 900s)  dead 6 ticks  momentum 3 ticks/20s  gas floor 0.5 STT  1 cycles
19:26:38 finalize slot 0 c08f  rejected: The contract function "finalizeMarket" reverted with the following signature:
19:26:41 finalize slot 2 c090  rejected: The contract function "finalizeMarket" reverted with the following signature:
19:26:47 sampled  2 books in 0.3s; second look in 20s
19:27:08 skip     ETH-0-28AUG26-2000-C2DA/tUSDC  mid 0.960 — priced as near-certain, no two-sided trade here
19:27:08 skip     BTC-0-28AUG26-2000-C2D9/tUSDC  mid moved 14 ticks in 20s — trending, not quoting
19:27:11 cycle 1  NAV 4667.37  idle 4508.47  resting 158.90  share 0.996371
19:41:02 vault    0x2314436ed2BDC44321c74EF43adA14CAE723D352
19:41:02 operator 0x39D2bae5EAedA9283535dDC98F1991c81eD5Cd7E
19:41:02 interval 30s  active 3  size 100 (x0.5 on 900s)  dead 6 ticks  momentum 3 ticks/20s  gas floor 0.5 STT  1 cycles
19:41:36 finalize slot 0 c08f  rejected: The contract function "finalizeMarket" reverted with the following signature:
19:41:39 finalize slot 2 c090  rejected: The contract function "finalizeMarket" reverted with the following signature:
19:41:43 sampled  2 books in 0.4s; second look in 20s
19:42:04 skip     ETH-0-28AUG26-2000-C2DA/tUSDC  mid 0.984 — priced as near-certain, no two-sided trade here
19:42:04 skip     BTC-0-28AUG26-2000-C2D9/tUSDC  mid moved 49 ticks in 20s — trending, not quoting
19:42:08 cycle 1  NAV 4667.37  idle 4508.47  resting 158.90  share 0.996371
19:56:02 vault    0x2314436ed2BDC44321c74EF43adA14CAE723D352
19:56:02 operator 0x39D2bae5EAedA9283535dDC98F1991c81eD5Cd7E
19:56:02 interval 30s  active 3  size 100 (x0.5 on 900s)  dead 6 ticks  momentum 3 ticks/20s  gas floor 0.5 STT  1 cycles
19:56:43 finalize slot 0 c08f  rejected: The contract function "finalizeMarket" reverted with the following signature:
19:56:46 finalize slot 2 c090  rejected: The contract function "finalizeMarket" reverted with the following signature:
19:56:53 sampled  0 books in 0.0s; second look in 20s
19:56:57 cycle 1  NAV 4667.37  idle 4508.47  resting 158.90  share 0.996371
20:11:02 vault    0x2314436ed2BDC44321c74EF43adA14CAE723D352
20:11:02 operator 0x39D2bae5EAedA9283535dDC98F1991c81eD5Cd7E
20:11:02 interval 30s  active 3  size 100 (x0.5 on 900s)  dead 6 ticks  momentum 3 ticks/20s  gas floor 0.5 STT  1 cycles
20:11:36 finalize slot 0 c08f  rejected: The contract function "finalizeMarket" reverted with the following signature:
20:11:39 finalize slot 2 c090  rejected: The contract function "finalizeMarket" reverted with the following signature:
20:11:45 sampled  4 books in 0.4s; second look in 20s
20:12:06 skip     ETH-0-28AUG26-2100/tUSDC  mid moved 18 ticks in 20s — trending, not quoting
20:12:06 skip     BTC-0-28AUG26-2100/tUSDC  mid moved 23 ticks in 20s — trending, not quoting
20:12:06 skip     BTC-0-29AUG26-C36B/tUSDC  mid moved 8 ticks in 20s — trending, not quoting
20:12:06 skip     ETH-0-29AUG26-C36C/tUSDC  mid moved 9 ticks in 20s — trending, not quoting
20:12:09 cycle 1  NAV 4667.37  idle 4508.47  resting 158.90  share 0.996371
20:26:09 vault    0x2314436ed2BDC44321c74EF43adA14CAE723D352
20:26:09 operator 0x39D2bae5EAedA9283535dDC98F1991c81eD5Cd7E
20:26:09 interval 30s  active 3  size 100 (x0.5 on 900s)  dead 6 ticks  momentum 3 ticks/20s  gas floor 0.5 STT  1 cycles
20:26:43 finalize slot 0 c08f  rejected: The contract function "finalizeMarket" reverted with the following signature:
20:26:50 finalize slot 2 c090  rejected: The contract function "finalizeMarket" reverted with the following signature:
20:26:57 sampled  4 books in 0.3s; second look in 20s
20:27:18 skip     ETH-0-28AUG26-2100/tUSDC  mid moved 74 ticks in 20s — trending, not quoting
20:27:18 skip     BTC-0-28AUG26-2100/tUSDC  mid moved 40 ticks in 20s — trending, not quoting
20:27:18 skip     BTC-0-29AUG26-C36B/tUSDC  mid moved 14 ticks in 20s — trending, not quoting
20:27:18 skip     ETH-0-29AUG26-C36C/tUSDC  mid moved 36 ticks in 20s — trending, not quoting
20:27:21 cycle 1  NAV 4667.37  idle 4508.47  resting 158.90  share 0.996371
20:41:02 vault    0x2314436ed2BDC44321c74EF43adA14CAE723D352
20:41:02 operator 0x39D2bae5EAedA9283535dDC98F1991c81eD5Cd7E
20:41:02 interval 30s  active 3  size 100 (x0.5 on 900s)  dead 6 ticks  momentum 3 ticks/20s  gas floor 0.5 STT  1 cycles
20:41:41 finalize slot 0 c08f  rejected: The contract function "finalizeMarket" reverted with the following signature:
20:41:45 finalize slot 2 c090  rejected: The contract function "finalizeMarket" reverted with the following signature:
20:41:49 sampled  4 books in 0.3s; second look in 20s
20:42:10 skip     ETH-0-28AUG26-2100/tUSDC  mid 0.026 — priced as near-certain, no two-sided trade here
20:42:10 skip     BTC-0-28AUG26-2100/tUSDC  mid 0.078 — priced as near-certain, no two-sided trade here
20:42:10 quote    slot 1 BTC-0-29AUG26-C36B/tUSDC  theirs 0.308/0.337  ours 0.310/0.334  size 100  escrow 97.60  (mid still, 2 ticks)
20:42:14 quote    slot 1 c36b  success  0x72c4515404b5ec04a7b2c97d3ddb43d94c45b4507c0cd533b54d2088dfea00ba  gas 596631
20:42:17 arm      00:00:45Z  success  0x92f5884f2f1464bdd8351bdcc2687a45eb7afeb49d9540cbd608d1f1be9795bf  gas 465755
20:42:18 cycle 1  NAV 4667.37  idle 4410.87  resting 256.50  share 0.996371
20:56:02 vault    0x2314436ed2BDC44321c74EF43adA14CAE723D352
20:56:02 operator 0x39D2bae5EAedA9283535dDC98F1991c81eD5Cd7E
20:56:02 interval 30s  active 3  size 100 (x0.5 on 900s)  dead 6 ticks  momentum 3 ticks/20s  gas floor 0.5 STT  1 cycles
20:56:49 finalize slot 0 c08f  rejected: The contract function "finalizeMarket" reverted with the following signature:
20:56:50 slot 1: complete set held, book 47 ticks from our mid — flattening
20:56:53 flatten  slot 1 c36b  success  0xac024247b82bfdba35301ba272e2456e9a2741c9c7e8b9aeaae9ff9d9f9bf4eb  gas 808819
20:56:55 finalize slot 2 c090  rejected: The contract function "finalizeMarket" reverted with the following signature:
20:57:00 sampled  1 books in 0.4s; second look in 20s
20:57:21 skip     ETH-0-29AUG26-C36C/tUSDC  mid moved 6 ticks in 20s — trending, not quoting
20:57:24 cycle 1  NAV 4669.77  idle 4510.87  resting 158.90  share 0.996883
21:11:02 vault    0x2314436ed2BDC44321c74EF43adA14CAE723D352
21:11:02 operator 0x39D2bae5EAedA9283535dDC98F1991c81eD5Cd7E
21:11:02 interval 30s  active 3  size 100 (x0.5 on 900s)  dead 6 ticks  momentum 3 ticks/20s  gas floor 0.5 STT  1 cycles
21:11:38 finalize slot 0 c08f  rejected: The contract function "finalizeMarket" reverted with the following signature:
21:11:41 finalize slot 2 c090  rejected: The contract function "finalizeMarket" reverted with the following signature:
21:11:45 sampled  4 books in 0.3s; second look in 20s
21:12:06 skip     ETH-0-28AUG26-2200/tUSDC  mid moved 24 ticks in 20s — trending, not quoting
21:12:06 skip     BTC-0-28AUG26-2200/tUSDC  mid moved 4 ticks in 20s — trending, not quoting
21:12:06 quote    slot 1 BTC-0-29AUG26-C36B/tUSDC  theirs 0.200/0.226  ours 0.202/0.224  size 100  escrow 97.80  (mid still, 0 ticks)
21:12:09 quote    slot 1 c36b  success  0x88708b674bc81bf4619a0ad6576d4b75d3a32e483cdd1b7d3c8bc08207bc3935  gas 594405
21:12:10 cycle 1  NAV 4669.77  idle 4413.07  resting 256.70  share 0.996883
21:26:02 vault    0x2314436ed2BDC44321c74EF43adA14CAE723D352
21:26:02 operator 0x39D2bae5EAedA9283535dDC98F1991c81eD5Cd7E
21:26:02 interval 30s  active 3  size 100 (x0.5 on 900s)  dead 6 ticks  momentum 3 ticks/20s  gas floor 0.5 STT  1 cycles
21:26:35 finalize slot 0 c08f  rejected: The contract function "finalizeMarket" reverted with the following signature:
21:26:37 slot 1: complete set held, book 76 ticks from our mid — flattening
21:26:39 flatten  slot 1 c36b  success  0xaf0299d8d63bebc1cfb985bf4e0ecc2bd212633e874c7714e85a415d714f9aad  gas 408819
21:26:41 finalize slot 2 c090  rejected: The contract function "finalizeMarket" reverted with the following signature:
21:26:45 sampled  3 books in 0.4s; second look in 20s
21:27:06 quote    slot 1 ETH-0-28AUG26-2200/tUSDC  theirs 0.629/0.657  ours 0.631/0.655  size 75  escrow 73.20  (mid still, 2 ticks)
21:27:09 quote    slot 1 c400  success  0xcccefecce0a50d4beabfe085d9634fae2335a03569a0394b5b7520f5fee0f58e  gas 575732
21:27:11 arm      22:00:45Z  success  0xf374bee608dfbd9d0e695a0115f9a59962cb4e71b87a9852c1dc85363ea39bd3  gas 465755
21:27:13 cycle 1  NAV 4671.97  idle 4439.87  resting 232.10  share 0.997353
21:41:02 vault    0x2314436ed2BDC44321c74EF43adA14CAE723D352
21:41:02 operator 0x39D2bae5EAedA9283535dDC98F1991c81eD5Cd7E
21:41:02 interval 30s  active 3  size 100 (x0.5 on 900s)  dead 6 ticks  momentum 3 ticks/20s  gas floor 0.5 STT  1 cycles
21:41:38 finalize slot 0 c08f  rejected: The contract function "finalizeMarket" reverted with the following signature:
21:41:40 slot 1: complete set held, book 8 ticks from our mid — flattening
21:41:42 flatten  slot 1 c400  success  0x617d262d812482bc59a8301c5c93c8492f2244ebf6fc96da58acda1865d198b9  gas 808819
21:41:45 finalize slot 2 c090  rejected: The contract function "finalizeMarket" reverted with the following signature:
21:41:51 sampled  3 books in 0.3s; second look in 20s
21:42:13 quote    slot 1 BTC-0-28AUG26-2200/tUSDC  theirs 0.770/0.796  ours 0.772/0.794  size 75  escrow 73.35  (mid still, 1 ticks)
21:42:15 quote    slot 1 c3ff  success  0xdf1cd1f25d721fcb51a64ba0c3c9a5ffc459d134e379f6358812569c7a408b82  gas 594405
21:42:16 cycle 1  NAV 4673.77  idle 4441.52  resting 232.25  share 0.997737
21:56:02 vault    0x2314436ed2BDC44321c74EF43adA14CAE723D352
21:56:02 operator 0x39D2bae5EAedA9283535dDC98F1991c81eD5Cd7E
21:56:02 interval 30s  active 3  size 100 (x0.5 on 900s)  dead 6 ticks  momentum 3 ticks/20s  gas floor 0.5 STT  1 cycles
21:56:38 finalize slot 0 c08f  rejected: The contract function "finalizeMarket" reverted with the following signature:
21:56:40 slot 1: complete set held, book 600 ticks from our mid — flattening
21:56:43 flatten  slot 1 c3ff  success  0xc2bdafed5c51c4f06e2906a8a1b0a8a30bcb296f6c5106c705478dec61792c5a  gas 808819
21:56:46 finalize slot 2 c090  rejected: The contract function "finalizeMarket" reverted with the following signature:
21:56:53 sampled  2 books in 0.4s; second look in 20s
21:57:14 quote    slot 1 BTC-0-29AUG26-C36B/tUSDC  theirs 0.174/0.199  ours 0.176/0.196  size 100  escrow 98.00  (mid still, 1 ticks)
21:57:16 quote    slot 1 c36b  success  0xc24a42a41ceb25c7eda9d1644665a98e75537a94e8e45bda90dd0cabafd44927  gas 594405
21:57:18 cycle 1  NAV 4675.42  idle 4418.52  resting 256.90  share 0.998089
22:11:02 vault    0x2314436ed2BDC44321c74EF43adA14CAE723D352
22:11:02 operator 0x39D2bae5EAedA9283535dDC98F1991c81eD5Cd7E
22:11:02 interval 30s  active 3  size 100 (x0.5 on 900s)  dead 6 ticks  momentum 3 ticks/20s  gas floor 0.5 STT  1 cycles
22:11:34 finalize slot 0 c08f  rejected: The contract function "finalizeMarket" reverted with the following signature:
22:11:36 slot 1: complete set held, book 125 ticks from our mid — flattening
22:11:38 flatten  slot 1 c36b  success  0x897c5ecd97e9164413a105cb460f415cfdca97fe5e876ea8e0b17a71aa1e4721  gas 408819
22:11:40 finalize slot 2 c090  rejected: The contract function "finalizeMarket" reverted with the following signature:
22:11:45 sampled  3 books in 0.3s; second look in 20s
22:12:06 skip     ETH-0-28AUG26-2300/tUSDC  mid moved 9 ticks in 20s — trending, not quoting
22:12:06 skip     BTC-0-28AUG26-2300/tUSDC  mid moved 16 ticks in 20s — trending, not quoting
22:12:06 skip     ETH-0-29AUG26-C36C/tUSDC  mid moved 4 ticks in 20s — trending, not quoting
22:12:10 cycle 1  NAV 4677.42  idle 4518.52  resting 158.90  share 0.998516
22:26:02 vault    0x2314436ed2BDC44321c74EF43adA14CAE723D352
22:26:02 operator 0x39D2bae5EAedA9283535dDC98F1991c81eD5Cd7E
22:26:02 interval 30s  active 3  size 100 (x0.5 on 900s)  dead 6 ticks  momentum 3 ticks/20s  gas floor 0.5 STT  1 cycles
22:26:40 finalize slot 0 c08f  rejected: The contract function "finalizeMarket" reverted with the following signature:
22:26:43 slot 1: complete set held, book 246 ticks from our mid — flattening
22:26:45 flatten  slot 1 c492  success  0x939df21c05714e05bf6eb3bf6ea1e63c7970c79160ee1d7b722daa74e8096d3b  gas 808819
22:26:47 finalize slot 2 c090  rejected: The contract function "finalizeMarket" reverted with the following signature:
22:26:53 sampled  3 books in 0.4s; second look in 20s
22:27:14 skip     ETH-0-28AUG26-2300/tUSDC  mid 0.980 — priced as near-certain, no two-sided trade here
22:27:14 skip     BTC-0-29AUG26-C36B/tUSDC  mid moved 7 ticks in 20s — trending, not quoting
22:27:14 skip     ETH-0-29AUG26-C36C/tUSDC  mid moved 61 ticks in 20s — trending, not quoting
22:27:18 cycle 1  NAV 4679.07  idle 4520.17  resting 158.90  share 0.998869
22:41:02 vault    0x2314436ed2BDC44321c74EF43adA14CAE723D352
22:41:02 operator 0x39D2bae5EAedA9283535dDC98F1991c81eD5Cd7E
22:41:02 interval 30s  active 3  size 100 (x0.5 on 900s)  dead 6 ticks  momentum 3 ticks/20s  gas floor 0.5 STT  1 cycles
22:41:42 finalize slot 0 c08f  rejected: The contract function "finalizeMarket" reverted with the following signature:
22:41:45 finalize slot 2 c090  rejected: The contract function "finalizeMarket" reverted with the following signature:
22:41:50 sampled  2 books in 0.4s; second look in 20s
22:42:11 skip     BTC-0-29AUG26-C36B/tUSDC  mid moved 9 ticks in 20s — trending, not quoting
22:42:11 skip     ETH-0-29AUG26-C36C/tUSDC  mid moved 30 ticks in 20s — trending, not quoting
22:42:15 cycle 1  NAV 4679.07  idle 4520.17  resting 158.90  share 0.998869
22:56:02 vault    0x2314436ed2BDC44321c74EF43adA14CAE723D352
22:56:02 operator 0x39D2bae5EAedA9283535dDC98F1991c81eD5Cd7E
22:56:02 interval 30s  active 3  size 100 (x0.5 on 900s)  dead 6 ticks  momentum 3 ticks/20s  gas floor 0.5 STT  1 cycles
22:56:35 finalize slot 0 c08f  rejected: The contract function "finalizeMarket" reverted with the following signature:
22:56:38 finalize slot 2 c090  rejected: The contract function "finalizeMarket" reverted with the following signature:
22:56:43 sampled  2 books in 0.3s; second look in 20s
22:57:04 quote    slot 1 BTC-0-29AUG26-C36B/tUSDC  theirs 0.836/0.860  ours 0.838/0.858  size 100  escrow 98.00  (mid still, 1 ticks)
22:57:06 quote    slot 1 c36b  success  0xd21c526b532da13492bc7a3398df36397e9b1a46c6cd74937b2f8b42caaa2060  gas 594405
22:57:08 cycle 1  NAV 4679.07  idle 4422.17  resting 256.90  share 0.998869
23:11:02 vault    0x2314436ed2BDC44321c74EF43adA14CAE723D352
23:11:02 operator 0x39D2bae5EAedA9283535dDC98F1991c81eD5Cd7E
23:11:02 interval 30s  active 3  size 100 (x0.5 on 900s)  dead 6 ticks  momentum 3 ticks/20s  gas floor 0.5 STT  1 cycles
23:11:45 finalize slot 0 c08f  rejected: The contract function "finalizeMarket" reverted with the following signature:
23:11:47 slot 1: complete set held, book 58 ticks from our mid — flattening
23:11:50 flatten  slot 1 c36b  success  0x2bd9a0f62ef045d06dbe9f35d96ad224af91c0294ff4b97731bb3ccaf5cd7771  gas 408819
23:11:53 finalize slot 2 c090  rejected: The contract function "finalizeMarket" reverted with the following signature:
23:11:59 sampled  2 books in 0.4s; second look in 20s
23:12:21 skip     ETH-0-29AUG26-C525/tUSDC  mid moved 49 ticks in 20s — trending, not quoting
23:12:21 skip     BTC-0-29AUG26-C524/tUSDC  mid moved 66 ticks in 20s — trending, not quoting
23:12:24 cycle 1  NAV 4681.07  idle 4522.17  resting 158.90  share 0.999296
23:26:02 vault    0x2314436ed2BDC44321c74EF43adA14CAE723D352
23:26:02 operator 0x39D2bae5EAedA9283535dDC98F1991c81eD5Cd7E
23:26:02 interval 30s  active 3  size 100 (x0.5 on 900s)  dead 6 ticks  momentum 3 ticks/20s  gas floor 0.5 STT  1 cycles
23:26:35 finalize slot 0 c08f  rejected: The contract function "finalizeMarket" reverted with the following signature:
23:26:38 finalize slot 2 c090  rejected: The contract function "finalizeMarket" reverted with the following signature:
23:26:43 sampled  2 books in 0.3s; second look in 20s
23:27:04 skip     BTC-0-29AUG26-C524/tUSDC  mid moved 4 ticks in 20s — trending, not quoting
23:27:04 skip     ETH-0-29AUG26-C525/tUSDC  mid moved 3 ticks in 20s — trending, not quoting
23:27:08 cycle 1  NAV 4681.07  idle 4522.17  resting 158.90  share 0.999296
23:41:02 vault    0x2314436ed2BDC44321c74EF43adA14CAE723D352
23:41:02 operator 0x39D2bae5EAedA9283535dDC98F1991c81eD5Cd7E
23:41:02 interval 30s  active 3  size 100 (x0.5 on 900s)  dead 6 ticks  momentum 3 ticks/20s  gas floor 0.5 STT  1 cycles
23:41:43 finalize slot 0 c08f  rejected: The contract function "finalizeMarket" reverted with the following signature:
23:41:46 finalize slot 2 c090  rejected: The contract function "finalizeMarket" reverted with the following signature:
23:41:52 sampled  2 books in 0.3s; second look in 20s
23:42:14 skip     BTC-0-29AUG26-C524/tUSDC  mid moved 11 ticks in 20s — trending, not quoting
23:42:14 skip     ETH-0-29AUG26-C525/tUSDC  mid 0.060 — priced as near-certain, no two-sided trade here
23:42:17 cycle 1  NAV 4681.07  idle 4522.17  resting 158.90  share 0.999296
23:56:02 vault    0x2314436ed2BDC44321c74EF43adA14CAE723D352
23:56:02 operator 0x39D2bae5EAedA9283535dDC98F1991c81eD5Cd7E
23:56:02 interval 30s  active 3  size 100 (x0.5 on 900s)  dead 6 ticks  momentum 3 ticks/20s  gas floor 0.5 STT  1 cycles
23:56:37 finalize slot 0 c08f  rejected: The contract function "finalizeMarket" reverted with the following signature:
23:56:39 finalize slot 2 c090  rejected: The contract function "finalizeMarket" reverted with the following signature:
23:56:45 sampled  0 books in 0.0s; second look in 20s
23:56:48 cycle 1  NAV 4681.07  idle 4522.17  resting 158.90  share 0.999296
00:11:02 vault    0x2314436ed2BDC44321c74EF43adA14CAE723D352
00:11:02 operator 0x39D2bae5EAedA9283535dDC98F1991c81eD5Cd7E
00:11:02 interval 30s  active 3  size 100 (x0.5 on 900s)  dead 6 ticks  momentum 3 ticks/20s  gas floor 0.5 STT  1 cycles
00:11:40 settle   old 0xE0E59F slot 2  success  0x959dd06a0127cb954c15284e8bae5a5ddb2d23c89df4c0d1d1ad73220338e998  gas 90899
00:11:45 finalize slot 0 c08f  rejected: The contract function "finalizeMarket" reverted with the following signature:
00:11:50 finalize slot 2 c090  rejected: The contract function "finalizeMarket" reverted with the following signature:
00:11:58 sampled  4 books in 0.4s; second look in 20s
00:12:19 skip     ETH-0-29AUG26-0100/tUSDC  mid moved 65 ticks in 20s — trending, not quoting
00:12:19 skip     BTC-0-29AUG26-0100/tUSDC  mid moved 87 ticks in 20s — trending, not quoting
00:12:19 skip     ETH-0-29AUG26-0400/tUSDC  mid moved 29 ticks in 20s — trending, not quoting
00:12:19 skip     BTC-0-29AUG26-0400/tUSDC  mid moved 38 ticks in 20s — trending, not quoting
00:12:23 cycle 1  NAV 4681.07  idle 4522.17  resting 158.90  share 0.999296
00:26:02 vault    0x2314436ed2BDC44321c74EF43adA14CAE723D352
00:26:02 operator 0x39D2bae5EAedA9283535dDC98F1991c81eD5Cd7E
00:26:02 interval 30s  active 3  size 100 (x0.5 on 900s)  dead 6 ticks  momentum 3 ticks/20s  gas floor 0.5 STT  1 cycles
00:26:40 finalize slot 0 c08f  rejected: The contract function "finalizeMarket" reverted with the following signature:
00:26:44 finalize slot 2 c090  rejected: The contract function "finalizeMarket" reverted with the following signature:
00:26:53 sampled  4 books in 0.4s; second look in 20s
00:27:14 skip     ETH-0-29AUG26-0100/tUSDC  mid moved 4 ticks in 20s — trending, not quoting
00:27:14 skip     BTC-0-29AUG26-0100/tUSDC  mid moved 15 ticks in 20s — trending, not quoting
00:27:14 skip     ETH-0-29AUG26-0400/tUSDC  mid moved 4 ticks in 20s — trending, not quoting
00:27:14 skip     BTC-0-29AUG26-0400/tUSDC  mid moved 8 ticks in 20s — trending, not quoting
00:27:18 cycle 1  NAV 4681.07  idle 4522.17  resting 158.90  share 0.999296
00:41:02 vault    0x2314436ed2BDC44321c74EF43adA14CAE723D352
00:41:02 operator 0x39D2bae5EAedA9283535dDC98F1991c81eD5Cd7E
00:41:02 interval 30s  active 3  size 100 (x0.5 on 900s)  dead 6 ticks  momentum 3 ticks/20s  gas floor 0.5 STT  1 cycles
00:41:37 finalize slot 0 c08f  rejected: The contract function "finalizeMarket" reverted with the following signature:
00:41:40 finalize slot 2 c090  rejected: The contract function "finalizeMarket" reverted with the following signature:
00:41:45 sampled  4 books in 0.4s; second look in 20s
00:42:06 skip     ETH-0-29AUG26-0100/tUSDC  mid moved 69 ticks in 20s — trending, not quoting
00:42:06 skip     BTC-0-29AUG26-0100/tUSDC  mid moved 8 ticks in 20s — trending, not quoting
00:42:06 quote    slot 1 BTC-0-29AUG26-0400/tUSDC  theirs 0.393/0.422  ours 0.395/0.419  size 100  escrow 97.60  (mid still, 1 ticks)
00:42:08 quote    slot 1 c5b8  success  0x4996877b85369105b507fb9186d185cdcba4624a36afb760575e6873a3aae58e  gas 994405
00:42:11 arm      04:00:45Z  success  0xcee4120bd9a85c96dbdc8a7db083a0b966166d992adba1856f4fc1a184acc09e  gas 465755
00:42:12 cycle 1  NAV 4681.07  idle 4424.57  resting 256.50  share 0.999296
00:56:02 vault    0x2314436ed2BDC44321c74EF43adA14CAE723D352
00:56:02 operator 0x39D2bae5EAedA9283535dDC98F1991c81eD5Cd7E
00:56:02 interval 30s  active 3  size 100 (x0.5 on 900s)  dead 6 ticks  momentum 3 ticks/20s  gas floor 0.5 STT  1 cycles
00:56:35 finalize slot 0 c08f  rejected: The contract function "finalizeMarket" reverted with the following signature:
00:56:37 slot 1: complete set held, book 14 ticks from our mid — flattening
00:56:39 flatten  slot 1 c5b8  success  0xccb5ba81455dd06c89b2388820767018252b4a2cff69724e56335b741c104d91  gas 808819
00:56:41 finalize slot 2 c090  rejected: The contract function "finalizeMarket" reverted with the following signature:
00:56:47 sampled  3 books in 0.4s; second look in 20s
00:57:08 quote    slot 1 ETH-0-29AUG26-0400/tUSDC  theirs 0.536/0.566  ours 0.538/0.564  size 100  escrow 97.40  (mid still, 0 ticks)
00:57:10 quote    slot 1 c5b9  success  0xb24d2a42299eb8731dbdeface4d99626a5f440da6ced07d9d511bcef7595bd68  gas 596631
00:57:11 cycle 1  NAV 4683.47  idle 4427.17  resting 256.30  share 0.999808
01:13:41 vault    0x2314436ed2BDC44321c74EF43adA14CAE723D352
01:13:41 operator 0x39D2bae5EAedA9283535dDC98F1991c81eD5Cd7E
01:13:41 interval 30s  active 3  size 100 (x0.5 on 900s)  dead 6 ticks  momentum 3 ticks/20s  gas floor 0.5 STT  1 cycles
01:14:34 poke     slot 0 c08f  success  0x97a06e204ce0189e7a180eafef6c4bbd06e219a8ae8c7f1474236617927edb17  gas 125918
01:14:52 poke     slot 2 c090  success  0x676c161b7d7995efa321b5ebb2a062e0afb1058b84617d6b40487cff28dd6acf  gas 125918
01:14:55 cycle 1  NAV 4629.67  idle 4427.17  resting 202.50  share 0.988323
01:35:11 vault    0x2314436ed2BDC44321c74EF43adA14CAE723D352
01:35:11 operator 0x39D2bae5EAedA9283535dDC98F1991c81eD5Cd7E
01:35:11 interval 30s  active 3  size 100 (x0.5 on 900s)  dead 6 ticks  momentum 3 ticks/20s  gas floor 0.5 STT  1 cycles
01:35:48 pull     slot 0 c08f  rejected: The contract function "cancelQuote" reverted with the following signature:
01:35:50 poke     slot 0 c08f  success  0x43238444fd47209ea11e1fc7c3d2170723833dbf41abe2d83b10814ff8295c91  gas 125918
01:35:52 slot 1: complete set held, book 80 ticks from our mid — flattening
01:35:54 flatten  slot 1 c5b9  success  0x042989f80096819dd324aab7b79df2a322e34bbfd421299aa5243e3cdcb1eb3f  gas 808819
01:35:57 pull     slot 2 c090  rejected: The contract function "cancelQuote" reverted with the following signature:
01:35:59 poke     slot 2 c090  success  0x54cbeee1b186c8bc74c14da099edd5355eb30d9c7096c27b50a991925f226086  gas 125918
01:36:05 sampled  3 books in 0.5s; second look in 20s
01:36:26 skip     ETH-0-29AUG26-0200/tUSDC  mid moved 4 ticks in 20s — trending, not quoting
01:36:26 skip     BTC-0-29AUG26-0200/tUSDC  mid 0.956 — priced as near-certain, no two-sided trade here
01:36:26 quote    slot 1 BTC-0-29AUG26-0400/tUSDC  theirs 0.447/0.476  ours 0.449/0.473  size 100  escrow 97.60  (mid still, 0 ticks)
01:36:28 quote    slot 1 c5b8  success  0x634740254e357ca2ee0b8f89af8d6a525a29dc1f2fc834bf435a499464db10e1  gas 594405
01:36:30 cycle 1  NAV 4686.07  idle 4429.57  resting 256.50  share 1.000363
01:41:03 vault    0x2314436ed2BDC44321c74EF43adA14CAE723D352
01:41:03 operator 0x39D2bae5EAedA9283535dDC98F1991c81eD5Cd7E
01:41:03 interval 30s  active 3  size 100 (x0.5 on 900s)  dead 6 ticks  momentum 3 ticks/20s  gas floor 0.5 STT  1 cycles
01:41:38 pull     slot 0 c08f  rejected: The contract function "cancelQuote" reverted with the following signature:
01:41:41 poke     slot 0 c08f  success  0xc65fe58ec634616817ff4253ef1fdc522c216b8bf2a7a9ba0cd2c3566e01d0e6  gas 125918
01:41:45 pull     slot 2 c090  rejected: The contract function "cancelQuote" reverted with the following signature:
01:41:47 poke     slot 2 c090  success  0x18a47ae749b00405bb0d68f375d0726bef7200ee34dadd6d895c7547503d98cf  gas 125918
01:41:50 cycle 1  NAV 4641.17  idle 4429.57  resting 211.60  share 0.990778
01:56:02 vault    0x2314436ed2BDC44321c74EF43adA14CAE723D352
01:56:02 operator 0x39D2bae5EAedA9283535dDC98F1991c81eD5Cd7E
01:56:02 interval 30s  active 3  size 100 (x0.5 on 900s)  dead 6 ticks  momentum 3 ticks/20s  gas floor 0.5 STT  1 cycles
01:56:37 pull     slot 0 c08f  rejected: The contract function "cancelQuote" reverted with the following signature:
01:56:39 poke     slot 0 c08f  success  0xc9a864f8dce559b898dadfec6d1f91137c29cbaa92059adfb1280ae7fadf3a8c  gas 125918
01:56:40 slot 1: complete set held, book 69 ticks from our mid — flattening
01:56:43 flatten  slot 1 c5b8  success  0xe9691698cbb1f35fe3ba14ecf547897e5d170fb48d0a60d51d78916d5ff64cd1  gas 408819
01:56:45 pull     slot 2 c090  rejected: The contract function "cancelQuote" reverted with the following signature:
01:56:47 poke     slot 2 c090  success  0x868dcd2cb56cf1cb36c694f9d54b1eda189c4ab4aa2c2e08a8fb898ce5b98215  gas 125918
01:56:53 sampled  1 books in 0.4s; second look in 20s
01:57:14 skip     ETH-0-29AUG26-0400/tUSDC  mid moved 6 ticks in 20s — trending, not quoting
01:57:18 cycle 1  NAV 4688.47  idle 4529.57  resting 158.90  share 1.000875
02:11:02 vault    0x2314436ed2BDC44321c74EF43adA14CAE723D352
02:11:02 operator 0x39D2bae5EAedA9283535dDC98F1991c81eD5Cd7E
02:11:02 interval 30s  active 3  size 100 (x0.5 on 900s)  dead 6 ticks  momentum 3 ticks/20s  gas floor 0.5 STT  1 cycles
02:11:37 pull     slot 0 c08f  rejected: The contract function "cancelQuote" reverted with the following signature:
02:11:39 poke     slot 0 c08f  success  0x3b6d8168f448397f8e71e837ffc849a0c6cc4127f699a78113fa465259596e9f  gas 125918
02:11:42 pull     slot 2 c090  rejected: The contract function "cancelQuote" reverted with the following signature:
02:11:44 poke     slot 2 c090  success  0x9a8d70d71db194bb7e262c23ba84677459ec7b11384ae9b28e4d8a119bd5efff  gas 125918
02:11:49 sampled  4 books in 0.3s; second look in 20s
02:12:10 skip     ETH-0-29AUG26-0300/tUSDC  mid moved 6 ticks in 20s — trending, not quoting
02:12:10 quote    slot 1 BTC-0-29AUG26-0300/tUSDC  theirs 0.443/0.472  ours 0.445/0.469  size 75  escrow 73.20  (mid still, 0 ticks)
02:12:13 quote    slot 1 c6de  success  0x165729e2f79f0d78115c87e6668aefd5b2a96ce223b47b23a66a9e9b2d98513b  gas 575732
02:12:15 arm      03:00:45Z  success  0xb81df95a07e2c7f39b773e1af52bb5607c4a6749490bc908bae43d2667dae547  gas 465755
02:12:17 cycle 1  NAV 4688.47  idle 4456.37  resting 232.10  share 1.000875
02:26:02 vault    0x2314436ed2BDC44321c74EF43adA14CAE723D352
02:26:02 operator 0x39D2bae5EAedA9283535dDC98F1991c81eD5Cd7E
02:26:02 interval 30s  active 3  size 100 (x0.5 on 900s)  dead 6 ticks  momentum 3 ticks/20s  gas floor 0.5 STT  1 cycles
02:26:35 pull     slot 0 c08f  rejected: The contract function "cancelQuote" reverted with the following signature:
02:26:38 poke     slot 0 c08f  success  0x154e13a1e589802b1ac120c545b6b372cb3579a4886e9149aea7bbd08af287cc  gas 125918
02:26:42 pull     slot 2 c090  rejected: The contract function "cancelQuote" reverted with the following signature:
02:26:44 poke     slot 2 c090  success  0x77598cd8bdbdacb3f757df927c5e3bd452062433a2442699907fbd2ece1e47e8  gas 125918
02:26:47 cycle 1  NAV 4655.10  idle 4456.37  resting 198.72  share 0.993750
02:41:10 vault    0x2314436ed2BDC44321c74EF43adA14CAE723D352
02:41:10 operator 0x39D2bae5EAedA9283535dDC98F1991c81eD5Cd7E
02:41:10 interval 30s  active 3  size 100 (x0.5 on 900s)  dead 6 ticks  momentum 3 ticks/20s  gas floor 0.5 STT  1 cycles
02:41:43 pull     slot 0 c08f  rejected: The contract function "cancelQuote" reverted with the following signature:
02:41:45 poke     slot 0 c08f  success  0xcd9a55a138698c562472920bdeb334b7d6729391e013263b1d74b8df599cd2d2  gas 125918
02:41:49 pull     slot 2 c090  rejected: The contract function "cancelQuote" reverted with the following signature:
02:41:52 poke     slot 2 c090  success  0xb9f958fcd6460ccd893a0425ef95eb557a323c2ccc273a8dbd2ad715eb628ebc  gas 125918
02:41:55 cycle 1  NAV 4655.10  idle 4456.37  resting 198.72  share 0.993750
02:56:02 vault    0x2314436ed2BDC44321c74EF43adA14CAE723D352
02:56:02 operator 0x39D2bae5EAedA9283535dDC98F1991c81eD5Cd7E
02:56:02 interval 30s  active 3  size 100 (x0.5 on 900s)  dead 6 ticks  momentum 3 ticks/20s  gas floor 0.5 STT  1 cycles
02:56:35 pull     slot 0 c08f  rejected: The contract function "cancelQuote" reverted with the following signature:
02:56:38 poke     slot 0 c08f  success  0xb11553f2793c44527aca194a4e4f9dddd3af8da34b784818a6cf0b69223618d0  gas 125918
02:56:42 pull     slot 2 c090  rejected: The contract function "cancelQuote" reverted with the following signature:
02:56:44 poke     slot 2 c090  success  0xe88ed7121344f028918b999ac63669c0012c1d96cd96d0663d17abc19990693f  gas 125918
02:56:47 cycle 1  NAV 4655.10  idle 4456.37  resting 198.72  share 0.993750
03:11:02 vault    0x2314436ed2BDC44321c74EF43adA14CAE723D352
03:11:02 operator 0x39D2bae5EAedA9283535dDC98F1991c81eD5Cd7E
03:11:02 interval 30s  active 3  size 100 (x0.5 on 900s)  dead 6 ticks  momentum 3 ticks/20s  gas floor 0.5 STT  1 cycles
03:11:35 pull     slot 0 c08f  rejected: The contract function "cancelQuote" reverted with the following signature:
03:11:37 poke     slot 0 c08f  success  0xe7d7a6eb86ee96521649f2188b804521322a9f76c1bb3c04994cf18747a58111  gas 125918
03:11:40 pull     slot 2 c090  rejected: The contract function "cancelQuote" reverted with the following signature:
03:11:42 poke     slot 2 c090  success  0x6eb1569705b4658b83ba1282f0d4ab26bf2e6d4616cfac9904a8fd436e36e0dc  gas 125918
03:11:47 sampled  2 books in 0.3s; second look in 20s
03:12:08 quote    slot 1 BTC-0-29AUG26-0400-C770/tUSDC  theirs 0.604/0.633  ours 0.606/0.630  size 75  escrow 73.20  (mid still, 1 ticks)
03:12:11 quote    slot 1 c770  success  0x979a24230fe898ff9ba53aced9eda1bc9eb45b7da242f91080b944a9573e0012  gas 604556
03:12:11 cycle 1  NAV 4655.10  idle 4423.00  resting 232.10  share 0.993750
03:26:02 vault    0x2314436ed2BDC44321c74EF43adA14CAE723D352
03:26:02 operator 0x39D2bae5EAedA9283535dDC98F1991c81eD5Cd7E
03:26:02 interval 30s  active 3  size 100 (x0.5 on 900s)  dead 6 ticks  momentum 3 ticks/20s  gas floor 0.5 STT  1 cycles
03:26:38 pull     slot 0 c08f  rejected: The contract function "cancelQuote" reverted with the following signature:
03:26:42 poke     slot 0 c08f  success  0x77f61236395c3a87bc4465040c2c41a7ffbdf93fc14b57317279a9d79d29bd28  gas 125918
03:26:46 pull     slot 2 c090  rejected: The contract function "cancelQuote" reverted with the following signature:
03:26:49 poke     slot 2 c090  success  0x9e6e920f04273b89552ef66e9529156050387ce8894f02a7510a13af8602c3b1  gas 125918
03:26:52 cycle 1  NAV 4656.90  idle 4423.00  resting 158.90  share 0.994135
03:41:02 vault    0x2314436ed2BDC44321c74EF43adA14CAE723D352
03:41:02 operator 0x39D2bae5EAedA9283535dDC98F1991c81eD5Cd7E
03:41:02 interval 30s  active 3  size 100 (x0.5 on 900s)  dead 6 ticks  momentum 3 ticks/20s  gas floor 0.5 STT  1 cycles
03:41:35 pull     slot 0 c08f  rejected: The contract function "cancelQuote" reverted with the following signature:
03:41:37 poke     slot 0 c08f  success  0xaea7fe2b990066b06afaed84cb69e5c5288f890f6c4125791ae4084d4eb9e849  gas 125918
03:41:38 slot 1: complete set held, book 410 ticks from our mid — flattening
03:41:41 flatten  slot 1 c770  success  0x8062c1dea2da9834139ab7297ab33d0f0d7cc7191d2ad157b9c6718a27776157  gas 808819
03:41:43 pull     slot 2 c090  rejected: The contract function "cancelQuote" reverted with the following signature:
03:41:45 poke     slot 2 c090  success  0x81ef2498671362bf8bed107e42a8a667ed9c89551a03c54f6f6dc7629ad32369  gas 125918
03:41:49 sampled  1 books in 0.3s; second look in 20s
03:42:11 skip     ETH-0-29AUG26-0400-C771/tUSDC  mid moved 6 ticks in 20s — trending, not quoting
03:42:14 cycle 1  NAV 4656.90  idle 4498.00  resting 158.90  share 0.994135
03:56:02 vault    0x2314436ed2BDC44321c74EF43adA14CAE723D352
03:56:02 operator 0x39D2bae5EAedA9283535dDC98F1991c81eD5Cd7E
03:56:02 interval 30s  active 3  size 100 (x0.5 on 900s)  dead 6 ticks  momentum 3 ticks/20s  gas floor 0.5 STT  1 cycles
03:56:35 pull     slot 0 c08f  rejected: The contract function "cancelQuote" reverted with the following signature:
03:56:37 poke     slot 0 c08f  success  0x2252caf0d7a4f01f63c9934a22d4dad2a351033a451b1f8e0240da6cbeb383db  gas 125918
03:56:40 pull     slot 2 c090  rejected: The contract function "cancelQuote" reverted with the following signature:
03:56:42 poke     slot 2 c090  success  0xe90d976cbdbfb58f0ea0d6d0cc2b4d68fc384388a85567db23ec2da6eb415495  gas 125918
03:56:46 sampled  0 books in 0.0s; second look in 20s
03:56:50 cycle 1  NAV 4656.90  idle 4498.00  resting 158.90  share 0.994135
04:11:02 vault    0x2314436ed2BDC44321c74EF43adA14CAE723D352
04:11:02 operator 0x39D2bae5EAedA9283535dDC98F1991c81eD5Cd7E
04:11:02 interval 30s  active 3  size 100 (x0.5 on 900s)  dead 6 ticks  momentum 3 ticks/20s  gas floor 0.5 STT  1 cycles
04:11:35 pull     slot 0 c08f  rejected: The contract function "cancelQuote" reverted with the following signature:
04:11:37 poke     slot 0 c08f  success  0x81ac2345d0a50050937174e2183cf0c1a3a2d7de3c6c6779f191ea2e7353884b  gas 125918
04:11:40 pull     slot 2 c090  rejected: The contract function "cancelQuote" reverted with the following signature:
04:11:42 poke     slot 2 c090  success  0x49b982bc88cb81419d97b850b5969a0c1648ef12df955657c043ef337a903911  gas 125918
04:11:46 sampled  4 books in 0.3s; second look in 20s
04:12:07 skip     ETH-0-29AUG26-0500/tUSDC  mid moved 24 ticks in 20s — trending, not quoting
04:12:07 skip     BTC-0-29AUG26-0500/tUSDC  mid moved 3 ticks in 20s — trending, not quoting
04:12:07 skip     ETH-0-29AUG26-0800/tUSDC  mid moved 11 ticks in 20s — trending, not quoting
04:12:07 skip     BTC-0-29AUG26-0800/tUSDC  mid moved 4 ticks in 20s — trending, not quoting
04:12:11 cycle 1  NAV 4656.90  idle 4498.00  resting 158.90  share 0.994135
04:26:02 vault    0x2314436ed2BDC44321c74EF43adA14CAE723D352
04:26:02 operator 0x39D2bae5EAedA9283535dDC98F1991c81eD5Cd7E
04:26:02 interval 30s  active 3  size 100 (x0.5 on 900s)  dead 6 ticks  momentum 3 ticks/20s  gas floor 0.5 STT  1 cycles
04:26:35 pull     slot 0 c08f  rejected: The contract function "cancelQuote" reverted with the following signature:
04:26:38 poke     slot 0 c08f  success  0x50e6648835567eec5db9207ba800d3c7820ff525ba4f7aac91fea29e81898c41  gas 125918
04:26:40 pull     slot 2 c090  rejected: The contract function "cancelQuote" reverted with the following signature:
04:26:42 poke     slot 2 c090  success  0x029e60c42533ad4b9c0bff2c0d6a3dc9c3633aa622f152d49ba17c5085ffd2df  gas 125918
04:26:47 sampled  4 books in 0.4s; second look in 20s
04:27:08 skip     ETH-0-29AUG26-0500/tUSDC  mid 0.932 — priced as near-certain, no two-sided trade here
04:27:08 skip     BTC-0-29AUG26-0500/tUSDC  mid 0.964 — priced as near-certain, no two-sided trade here
04:27:08 skip     ETH-0-29AUG26-0800/tUSDC  mid moved 6 ticks in 20s — trending, not quoting
04:27:08 skip     BTC-0-29AUG26-0800/tUSDC  mid moved 3 ticks in 20s — trending, not quoting
04:27:11 cycle 1  NAV 4656.90  idle 4498.00  resting 158.90  share 0.994135
04:41:02 vault    0x2314436ed2BDC44321c74EF43adA14CAE723D352
04:41:02 operator 0x39D2bae5EAedA9283535dDC98F1991c81eD5Cd7E
04:41:02 interval 30s  active 3  size 100 (x0.5 on 900s)  dead 6 ticks  momentum 3 ticks/20s  gas floor 0.5 STT  1 cycles
04:41:36 pull     slot 0 c08f  rejected: The contract function "cancelQuote" reverted with the following signature:
04:41:38 poke     slot 0 c08f  success  0x84bb4ac413d6b337cbfbcf3a36f6ccaaa1cac805c407c70d2bb6da0f56b90262  gas 125918
04:41:40 pull     slot 2 c090  rejected: The contract function "cancelQuote" reverted with the following signature:
04:41:43 poke     slot 2 c090  success  0xe9d7ac0e8b8bcf1a7f05fd332cfeee31517193a33cba1292c4efa3eb247eb955  gas 125918
04:41:47 sampled  3 books in 0.4s; second look in 20s
04:42:08 skip     ETH-0-29AUG26-0500/tUSDC  mid 0.974 — priced as near-certain, no two-sided trade here
04:42:08 quote    slot 1 ETH-0-29AUG26-0800/tUSDC  theirs 0.739/0.765  ours 0.741/0.763  size 100  escrow 97.80  (mid still, 2 ticks)
04:42:10 quote    slot 1 c803  success  0xd060f678c09f3a4ead467862550c2abf0c25efd2fb8378d08233082b588bcf08  gas 550064
04:42:13 arm      08:00:45Z  success  0x71657ece263450370e5792233d8a29cc72b7d95f73509c07a6c43545a47de44f  gas 465755
04:42:14 cycle 1  NAV 4656.90  idle 4400.20  resting 256.70  share 0.994135
04:56:02 vault    0x2314436ed2BDC44321c74EF43adA14CAE723D352
04:56:02 operator 0x39D2bae5EAedA9283535dDC98F1991c81eD5Cd7E
04:56:02 interval 30s  active 3  size 100 (x0.5 on 900s)  dead 6 ticks  momentum 3 ticks/20s  gas floor 0.5 STT  1 cycles
04:56:34 pull     slot 0 c08f  rejected: The contract function "cancelQuote" reverted with the following signature:
04:56:37 poke     slot 0 c08f  success  0x52d0decdd778af0eb6470abd3b4dba27ed4ca3b267c516555c7b331d1118b702  gas 125918
04:56:38 slot 1: complete set held, book 41 ticks from our mid — flattening
04:56:40 flatten  slot 1 c803  success  0x43200a4d7cc7a4222bdb1d6154d28c3dd32895b3db44660f5c008704087e53b5  gas 808819
04:56:43 pull     slot 2 c090  rejected: The contract function "cancelQuote" reverted with the following signature:
04:56:45 poke     slot 2 c090  success  0xc8f2a83def2d351b371480c9f7a22c802f7b3f6f222d4f7d1114ee9abdf9040f  gas 125918
04:56:49 sampled  1 books in 0.3s; second look in 20s
04:57:10 quote    slot 1 BTC-0-29AUG26-0800/tUSDC  theirs 0.793/0.818  ours 0.795/0.815  size 100  escrow 98.00  (mid still, 0 ticks)
04:57:12 quote    slot 1 c802  success  0xd5d21a30a9048937d84204fe6a5b956e5acfa5617a5a8e3b60c7b45473ed53dd  gas 1394405
04:57:13 cycle 1  NAV 4659.10  idle 4402.20  resting 256.90  share 0.994604
05:11:02 vault    0x2314436ed2BDC44321c74EF43adA14CAE723D352
05:11:02 operator 0x39D2bae5EAedA9283535dDC98F1991c81eD5Cd7E
05:11:02 interval 30s  active 3  size 100 (x0.5 on 900s)  dead 6 ticks  momentum 3 ticks/20s  gas floor 0.5 STT  1 cycles
05:11:39 pull     slot 0 c08f  rejected: The contract function "cancelQuote" reverted with the following signature:
05:11:42 poke     slot 0 c08f  success  0x8707cc1c25bf77c37b2c768f0bc378d453709ac5e7c02e2d99a0712bce86dd48  gas 125918
05:11:43 slot 1: complete set held, book 41 ticks from our mid — flattening
05:11:46 flatten  slot 1 c802  success  0xd044b737f863d035a6ddc8e8ff4d056f35fd156c007d8087041d6e36d8e9c61f  gas 808819
05:11:48 pull     slot 2 c090  rejected: The contract function "cancelQuote" reverted with the following signature:
05:11:50 poke     slot 2 c090  success  0xa8939cb2d1647e4960bc450a9faeddbfe7150145f2c2ea545e873245ccd56fc5  gas 125918
05:11:54 sampled  3 books in 0.3s; second look in 20s
05:12:15 skip     ETH-0-29AUG26-0600/tUSDC  mid moved 13 ticks in 20s — trending, not quoting
05:12:15 skip     BTC-0-29AUG26-0600/tUSDC  mid moved 5 ticks in 20s — trending, not quoting
05:12:15 skip     ETH-0-29AUG26-0800/tUSDC  mid moved 5 ticks in 20s — trending, not quoting
05:12:19 cycle 1  NAV 4661.10  idle 4502.20  resting 158.90  share 0.995031
05:26:02 vault    0x2314436ed2BDC44321c74EF43adA14CAE723D352
05:26:02 operator 0x39D2bae5EAedA9283535dDC98F1991c81eD5Cd7E
05:26:02 interval 30s  active 3  size 100 (x0.5 on 900s)  dead 6 ticks  momentum 3 ticks/20s  gas floor 0.5 STT  1 cycles
05:26:37 pull     slot 0 c08f  rejected: The contract function "cancelQuote" reverted with the following signature:
05:26:39 poke     slot 0 c08f  success  0xc8cd93c0dc340014c015dbdbdb2961fde51829f4888e72533c0837bc38ba5a12  gas 125918
05:26:42 pull     slot 2 c090  rejected: The contract function "cancelQuote" reverted with the following signature:
05:26:44 poke     slot 2 c090  success  0xcec6ee1a5646047656795f9392544223febe2539703339d6e4077889f46683d9  gas 125918
05:26:49 sampled  4 books in 0.3s; second look in 20s
05:27:10 quote    slot 1 ETH-0-29AUG26-0600/tUSDC  theirs 0.524/0.554  ours 0.526/0.552  size 75  escrow 73.05  (mid still, 0 ticks)
05:27:12 quote    slot 1 c897  success  0xcaf6e40be109ac6464a1f1915de83fd87752dae08fbc4b8d7256c6db7e8a3744  gas 594405
05:27:15 arm      06:00:45Z  success  0xf58ba2a014df26f1b6b8197143b1c02e4a176558abb21b127421fa3f185a7783  gas 465755
05:27:17 cycle 1  NAV 4661.10  idle 4429.15  resting 231.95  share 0.995031
05:41:02 vault    0x2314436ed2BDC44321c74EF43adA14CAE723D352
05:41:02 operator 0x39D2bae5EAedA9283535dDC98F1991c81eD5Cd7E
05:41:02 interval 30s  active 3  size 100 (x0.5 on 900s)  dead 6 ticks  momentum 3 ticks/20s  gas floor 0.5 STT  1 cycles
05:41:36 pull     slot 0 c08f  rejected: The contract function "cancelQuote" reverted with the following signature:
05:41:38 poke     slot 0 c08f  success  0x27f678daad953c05b2a69af31f40d35a374a225a9db8f7af5b954055031c84e4  gas 125918
05:41:40 slot 1: complete set held, book 75 ticks from our mid — flattening
05:41:42 flatten  slot 1 c897  success  0x5a54a35dfa2e0efe0b665581b040f3910e9826497d34288d9099bc366e2c1100  gas 808819
05:41:45 pull     slot 2 c090  rejected: The contract function "cancelQuote" reverted with the following signature:
05:41:47 poke     slot 2 c090  success  0xc845199c65a9c74460680aa95b7c5f555e49ce0f3e336d3f4d836ac058a5b7e3  gas 125918
05:41:51 sampled  3 books in 0.4s; second look in 20s
05:42:12 skip     BTC-0-29AUG26-0600/tUSDC  mid moved 3 ticks in 20s — trending, not quoting
05:42:12 quote    slot 1 ETH-0-29AUG26-0800/tUSDC  theirs 0.794/0.820  ours 0.796/0.818  size 100  escrow 97.80  (mid still, 2 ticks)
05:42:14 quote    slot 1 c803  success  0xf268c50422f0da92244e45ab10f94d7d095256efb73861e3fa1bedb934505c68  gas 575732
05:42:15 cycle 1  NAV 4663.05  idle 4406.35  resting 256.70  share 0.995448
05:56:02 vault    0x2314436ed2BDC44321c74EF43adA14CAE723D352
05:56:02 operator 0x39D2bae5EAedA9283535dDC98F1991c81eD5Cd7E
05:56:02 interval 30s  active 3  size 100 (x0.5 on 900s)  dead 6 ticks  momentum 3 ticks/20s  gas floor 0.5 STT  1 cycles
05:56:37 pull     slot 0 c08f  rejected: The contract function "cancelQuote" reverted with the following signature:
05:56:39 poke     slot 0 c08f  success  0x70fa37f0110e357a68a74163f63e3746bc451f293b34f3eb6c1830f11d3d049c  gas 125918
05:56:41 slot 1: complete set held, book 29 ticks from our mid — flattening
05:56:43 flatten  slot 1 c803  success  0x24114f973d413c9c18a1cbae998ee625daf515a77202a484f50e7c080258fdff  gas 408819
05:56:46 pull     slot 2 c090  rejected: The contract function "cancelQuote" reverted with the following signature:
05:56:49 poke     slot 2 c090  success  0x032e4d54df9f5021bd05edb985b280e949a27d55fda62b948aef873b0af4aea4  gas 125918
05:56:53 sampled  1 books in 0.4s; second look in 20s
05:57:14 skip     BTC-0-29AUG26-0800/tUSDC  mid moved 5 ticks in 20s — trending, not quoting
05:57:18 cycle 1  NAV 4665.25  idle 4506.35  resting 158.90  share 0.995917
06:11:02 vault    0x2314436ed2BDC44321c74EF43adA14CAE723D352
06:11:02 operator 0x39D2bae5EAedA9283535dDC98F1991c81eD5Cd7E
06:11:02 interval 30s  active 3  size 100 (x0.5 on 900s)  dead 6 ticks  momentum 3 ticks/20s  gas floor 0.5 STT  1 cycles
06:11:38 pull     slot 0 c08f  rejected: The contract function "cancelQuote" reverted with the following signature:
06:11:40 poke     slot 0 c08f  success  0x24e67c006ffe5fe94844c6646819fe75c9c7b1b2a7253278ba71a798424fbb1a  gas 125918
06:11:43 pull     slot 2 c090  rejected: The contract function "cancelQuote" reverted with the following signature:
06:11:45 poke     slot 2 c090  success  0x12dc615154a19320af245ec9947cfd39053a7ff52abed84fd490c66f4875a0d5  gas 125918
06:11:51 sampled  4 books in 0.3s; second look in 20s
06:12:12 skip     ETH-0-29AUG26-0700/tUSDC  mid moved 46 ticks in 20s — trending, not quoting
06:12:12 skip     BTC-0-29AUG26-0700/tUSDC  mid moved 18 ticks in 20s — trending, not quoting
06:12:12 skip     ETH-0-29AUG26-0800/tUSDC  mid moved 44 ticks in 20s — trending, not quoting
06:12:12 skip     BTC-0-29AUG26-0800/tUSDC  mid moved 15 ticks in 20s — trending, not quoting
06:12:15 cycle 1  NAV 4665.25  idle 4506.35  resting 158.90  share 0.995917
06:26:02 vault    0x2314436ed2BDC44321c74EF43adA14CAE723D352
06:26:02 operator 0x39D2bae5EAedA9283535dDC98F1991c81eD5Cd7E
06:26:02 interval 30s  active 3  size 100 (x0.5 on 900s)  dead 6 ticks  momentum 3 ticks/20s  gas floor 0.5 STT  1 cycles
06:26:37 pull     slot 0 c08f  rejected: The contract function "cancelQuote" reverted with the following signature:
06:26:40 poke     slot 0 c08f  success  0xa93a6d24e5c410f95335e1d61282b8569ed0ad85682db341e63c4cc320fb8301  gas 125918
06:26:42 pull     slot 2 c090  rejected: The contract function "cancelQuote" reverted with the following signature:
06:26:44 poke     slot 2 c090  success  0x73006552c616c244267dc2b3b7f197289cb3da14f81610751864165e911cb7f4  gas 125918
06:26:49 sampled  4 books in 0.4s; second look in 20s
06:27:10 skip     ETH-0-29AUG26-0700/tUSDC  mid 0.030 — priced as near-certain, no two-sided trade here
06:27:10 quote    slot 1 ETH-0-29AUG26-0800/tUSDC  theirs 0.216/0.242  ours 0.218/0.240  size 100  escrow 97.80  (mid still, 2 ticks)
06:27:12 quote    slot 1 c803  success  0xdf60ec6e5dcbdb6b951deb1c8132f5290c4c4f553bb052430cd7e4e414ab6553  gas 608251
06:27:14 cycle 1  NAV 4665.25  idle 4408.55  resting 256.70  share 0.995917
06:41:02 vault    0x2314436ed2BDC44321c74EF43adA14CAE723D352
06:41:02 operator 0x39D2bae5EAedA9283535dDC98F1991c81eD5Cd7E
06:41:02 interval 30s  active 3  size 100 (x0.5 on 900s)  dead 6 ticks  momentum 3 ticks/20s  gas floor 0.5 STT  1 cycles
06:41:36 pull     slot 0 c08f  rejected: The contract function "cancelQuote" reverted with the following signature:
06:41:39 poke     slot 0 c08f  success  0x57bc992e43e6417148ceafa378f523cd363dace55739cb43a0240d022924929c  gas 125918
06:41:43 pull     slot 2 c090  rejected: The contract function "cancelQuote" reverted with the following signature:
06:41:47 poke     slot 2 c090  success  0xd070ae236cd637967e43a9f3b956c36fbe4bcc953660eff84d32c8e40b7b1337  gas 125918
06:41:49 cycle 1  NAV 4589.25  idle 4408.55  resting 180.70  share 0.979693
06:56:02 vault    0x2314436ed2BDC44321c74EF43adA14CAE723D352
06:56:02 operator 0x39D2bae5EAedA9283535dDC98F1991c81eD5Cd7E
06:56:02 interval 30s  active 3  size 100 (x0.5 on 900s)  dead 6 ticks  momentum 3 ticks/20s  gas floor 0.5 STT  1 cycles
06:56:35 pull     slot 0 c08f  rejected: The contract function "cancelQuote" reverted with the following signature:
06:56:38 poke     slot 0 c08f  success  0x6772df89f18077ea075eb543c25457c5109e41c70a9d200acacdcd2ce1568ec5  gas 125918
06:56:43 pull     slot 2 c090  rejected: The contract function "cancelQuote" reverted with the following signature:
06:56:46 poke     slot 2 c090  success  0x1afc6fc32bfa840373441195efd8f2eb3d92777d1f88eade23cafb75949d10ed  gas 125918
06:56:49 cycle 1  NAV 4589.25  idle 4408.55  resting 180.70  share 0.979693
07:11:02 vault    0x2314436ed2BDC44321c74EF43adA14CAE723D352
07:11:02 operator 0x39D2bae5EAedA9283535dDC98F1991c81eD5Cd7E
07:11:02 interval 30s  active 3  size 100 (x0.5 on 900s)  dead 6 ticks  momentum 3 ticks/20s  gas floor 0.5 STT  1 cycles
07:11:36 pull     slot 0 c08f  rejected: The contract function "cancelQuote" reverted with the following signature:
07:11:39 poke     slot 0 c08f  success  0x7ebc820203a5a059f1617ff6d46b7cff704f7f7ad6979e98a50b85dfa73cd673  gas 125918
07:11:43 pull     slot 2 c090  rejected: The contract function "cancelQuote" reverted with the following signature:
07:11:45 poke     slot 2 c090  success  0xc791464091e425bd907ede08ed837cf50e645bf2533d0d1dfeff45620736cc5e  gas 125918
07:11:48 cycle 1  NAV 4589.25  idle 4408.55  resting 180.70  share 0.979693
07:26:02 vault    0x2314436ed2BDC44321c74EF43adA14CAE723D352
07:26:02 operator 0x39D2bae5EAedA9283535dDC98F1991c81eD5Cd7E
07:26:02 interval 30s  active 3  size 100 (x0.5 on 900s)  dead 6 ticks  momentum 3 ticks/20s  gas floor 0.5 STT  1 cycles
07:26:37 pull     slot 0 c08f  rejected: The contract function "cancelQuote" reverted with the following signature:
07:26:39 poke     slot 0 c08f  success  0xb55b1a90ff9d4b704571eeeb8ee92b5ccd2400b15cfd89a4c44d873528517341  gas 125918
07:26:43 pull     slot 2 c090  rejected: The contract function "cancelQuote" reverted with the following signature:
07:26:46 poke     slot 2 c090  success  0xce0ceb7a28e7f4ee2f002de7e3767d7d0ac8785191f727ea800eb96654b03b59  gas 125918
07:26:48 cycle 1  NAV 4589.25  idle 4408.55  resting 180.70  share 0.979693
07:41:02 vault    0x2314436ed2BDC44321c74EF43adA14CAE723D352
07:41:02 operator 0x39D2bae5EAedA9283535dDC98F1991c81eD5Cd7E
07:41:02 interval 30s  active 3  size 100 (x0.5 on 900s)  dead 6 ticks  momentum 3 ticks/20s  gas floor 0.5 STT  1 cycles
07:41:38 pull     slot 0 c08f  rejected: The contract function "cancelQuote" reverted with the following signature:
07:41:40 poke     slot 0 c08f  success  0x72224d2ccb2eae5c2a1ab0052b3a2eb137e8febcbbf395ad3bca867664249bed  gas 125918
07:41:44 pull     slot 2 c090  rejected: The contract function "cancelQuote" reverted with the following signature:
07:41:47 poke     slot 2 c090  success  0x293c50a859aed2b2c53a85c22bf1e94d5b70af50f5028f2bbb56a281656dfce7  gas 125918
07:41:50 cycle 1  NAV 4589.25  idle 4408.55  resting 180.70  share 0.979693
07:56:02 vault    0x2314436ed2BDC44321c74EF43adA14CAE723D352
07:56:02 operator 0x39D2bae5EAedA9283535dDC98F1991c81eD5Cd7E
07:56:02 interval 30s  active 3  size 100 (x0.5 on 900s)  dead 6 ticks  momentum 3 ticks/20s  gas floor 0.5 STT  1 cycles
07:56:36 pull     slot 0 c08f  rejected: The contract function "cancelQuote" reverted with the following signature:
07:56:38 poke     slot 0 c08f  success  0x8393382af01e1996e08519013ad77643e9627cc144b98b40b47b40e93287a81e  gas 125918
07:56:42 pull     slot 2 c090  rejected: The contract function "cancelQuote" reverted with the following signature:
07:56:44 poke     slot 2 c090  success  0x035c060ec741e845061deecd0ad3e8e25c8d9f381351f11a4363644cd9933c0a  gas 125918
07:56:48 cycle 1  NAV 4589.25  idle 4408.55  resting 180.70  share 0.979693
08:11:02 vault    0x2314436ed2BDC44321c74EF43adA14CAE723D352
08:11:02 operator 0x39D2bae5EAedA9283535dDC98F1991c81eD5Cd7E
08:11:02 interval 30s  active 3  size 100 (x0.5 on 900s)  dead 6 ticks  momentum 3 ticks/20s  gas floor 0.5 STT  1 cycles
08:11:36 pull     slot 0 c08f  rejected: The contract function "cancelQuote" reverted with the following signature:
08:11:38 poke     slot 0 c08f  success  0x78d5952f8d101b963773f03878cca69630c7374cdbc105811525be29c031d9c4  gas 125918
08:11:41 pull     slot 2 c090  rejected: The contract function "cancelQuote" reverted with the following signature:
08:11:43 poke     slot 2 c090  success  0x63fa230e98cb46fd6018b136fa5f948043fd63c861406b4266771146c1f1fc01  gas 125918
08:11:47 sampled  4 books in 0.3s; second look in 20s
08:12:08 skip     ETH-0-29AUG26-0900/tUSDC  mid moved 5 ticks in 20s — trending, not quoting
08:12:08 quote    slot 1 BTC-0-29AUG26-0900/tUSDC  theirs 0.081/0.103  ours 0.083/0.101  size 75  escrow 73.65  (mid still, 2 ticks)
08:12:10 quote    slot 1 ca4e  success  0x8d0018d0f1f53947ac43e6d7b10938ad690c74cbc23c3caf731d325856c320f7  gas 594405
08:12:12 arm      09:00:45Z  success  0xb8d3cdec7a71a14f2b7456aaa5e94cd265675a65660d4a7b80d361fb19cfb11c  gas 465755
08:12:14 cycle 1  NAV 4589.25  idle 4356.70  resting 232.55  share 0.979693
08:26:02 vault    0x2314436ed2BDC44321c74EF43adA14CAE723D352
08:26:02 operator 0x39D2bae5EAedA9283535dDC98F1991c81eD5Cd7E
08:26:02 interval 30s  active 3  size 100 (x0.5 on 900s)  dead 6 ticks  momentum 3 ticks/20s  gas floor 0.5 STT  1 cycles
08:26:35 pull     slot 0 c08f  rejected: The contract function "cancelQuote" reverted with the following signature:
08:26:39 poke     slot 0 c08f  success  0x0dd0b62afec72456769ec4da5c72b9c62cdf18b685978c21239ecbd7e3d63a23  gas 125918
08:26:40 slot 1: complete set held, book 82 ticks from our mid — flattening
08:26:43 flatten  slot 1 ca4e  success  0x85692ebff1edae332281a3d1a95f9ffcbcd0760aade0ab37ec4e1a0b0e19df5e  gas 808819
08:26:47 pull     slot 2 c090  rejected: The contract function "cancelQuote" reverted with the following signature:
08:26:49 poke     slot 2 c090  success  0xd7dc51770f0821d5ef2c697dbd2b43494424a6114d8913c981e267a72c21e5b3  gas 125918
08:26:53 sampled  3 books in 0.4s; second look in 20s
08:27:14 quote    slot 1 ETH-0-29AUG26-0900/tUSDC  theirs 0.275/0.302  ours 0.277/0.299  size 75  escrow 73.35  (mid still, 1 ticks)
08:27:16 quote    slot 1 ca4f  rejected: The contract function "quote" reverted with the following signature:
08:27:16 quote    slot 1 ETH-0-29AUG26-1200/tUSDC  theirs 0.396/0.425  ours 0.398/0.422  size 100  escrow 97.60  (mid still, 0 ticks)
08:27:18 quote    slot 1 ca4d  success  0xebe06c596f43f03c04fc7e956a4cbcc84ffeadb291ac16b3eb9906ef71989e28  gas 996631
08:27:21 arm      12:00:45Z  success  0x6c75d1ccc7e177bdaf1a9548d5b56f556744707a88a16d6daabab62885d88b36  gas 465755
08:27:22 cycle 1  NAV 4590.60  idle 4334.10  resting 256.50  share 0.979981
08:41:02 vault    0x2314436ed2BDC44321c74EF43adA14CAE723D352
08:41:02 operator 0x39D2bae5EAedA9283535dDC98F1991c81eD5Cd7E
08:41:02 interval 30s  active 3  size 100 (x0.5 on 900s)  dead 6 ticks  momentum 3 ticks/20s  gas floor 0.5 STT  1 cycles
08:41:34 pull     slot 0 c08f  rejected: The contract function "cancelQuote" reverted with the following signature:
08:41:36 poke     slot 0 c08f  success  0x22c2398424a8a84ab068896939a4f5abfee790fa7d2c56544698ca2c960e718f  gas 125918
08:41:38 slot 1: complete set held, book 87 ticks from our mid — flattening
08:41:40 flatten  slot 1 ca4d  success  0x5d31bbc90359a4a0ebb19fc9c245c0d7e5be667e50ec69eeb8633ba0de77d499  gas 808819
08:41:42 pull     slot 2 c090  rejected: The contract function "cancelQuote" reverted with the following signature:
08:41:44 poke     slot 2 c090  success  0xdb24a89d3ced16cc1a8c731454c0c1a0340fe4e4f9c2f03ca298eb331d3f1edb  gas 125918
08:41:50 sampled  3 books in 0.4s; second look in 20s
08:42:11 skip     ETH-0-29AUG26-0900/tUSDC  mid 0.053 — priced as near-certain, no two-sided trade here
08:42:11 skip     BTC-0-29AUG26-0900/tUSDC  mid moved 36 ticks in 20s — trending, not quoting
08:42:11 skip     BTC-0-29AUG26-1200/tUSDC  mid moved 20 ticks in 20s — trending, not quoting
08:42:14 cycle 1  NAV 4593.00  idle 4434.10  resting 158.90  share 0.980494
08:56:02 vault    0x2314436ed2BDC44321c74EF43adA14CAE723D352
08:56:02 operator 0x39D2bae5EAedA9283535dDC98F1991c81eD5Cd7E
08:56:02 interval 30s  active 3  size 100 (x0.5 on 900s)  dead 6 ticks  momentum 3 ticks/20s  gas floor 0.5 STT  1 cycles
08:56:35 pull     slot 0 c08f  rejected: The contract function "cancelQuote" reverted with the following signature:
08:56:37 poke     slot 0 c08f  success  0x11ca7d34d577dcf01815da83bebc9c578a9482d44f68deb331225bdc5c4bd089  gas 125918
08:56:40 pull     slot 2 c090  rejected: The contract function "cancelQuote" reverted with the following signature:
08:56:43 poke     slot 2 c090  success  0x1f29f87658de8b4ac9d0f36a17e45a00631bb0e4939c16ad5d59285561eef086  gas 125918
08:56:48 sampled  2 books in 0.3s; second look in 20s
08:57:09 quote    slot 1 ETH-0-29AUG26-1200/tUSDC  theirs 0.230/0.256  ours 0.232/0.254  size 100  escrow 97.80  (mid still, 2 ticks)
08:57:13 quote    slot 1 ca4d  success  0xd5fb17a32cbbef82704f3bb6b67adbbe14cd77c4f3085f0fff851c744fcbfbdd  gas 594405
08:57:14 cycle 1  NAV 4593.00  idle 4336.30  resting 256.70  share 0.980494
09:11:02 vault    0x2314436ed2BDC44321c74EF43adA14CAE723D352
09:11:02 operator 0x39D2bae5EAedA9283535dDC98F1991c81eD5Cd7E
09:11:02 interval 30s  active 3  size 100 (x0.5 on 900s)  dead 6 ticks  momentum 3 ticks/20s  gas floor 0.5 STT  1 cycles
09:11:37 pull     slot 0 c08f  rejected: The contract function "cancelQuote" reverted with the following signature:
09:11:40 poke     slot 0 c08f  success  0xf86553fa509a92f56e643260d3b067ae556426ad97033157d75014933f8b171d  gas 125918
09:11:44 pull     slot 2 c090  rejected: The contract function "cancelQuote" reverted with the following signature:
09:11:46 poke     slot 2 c090  success  0x1e064188f570332843be150049c03162ac7490b63dbeb195664a0303ab47742c  gas 125918
09:11:48 cycle 1  NAV 4518.40  idle 4336.30  resting 182.10  share 0.964568
09:26:02 vault    0x2314436ed2BDC44321c74EF43adA14CAE723D352
09:26:02 operator 0x39D2bae5EAedA9283535dDC98F1991c81eD5Cd7E
09:26:02 interval 30s  active 3  size 100 (x0.5 on 900s)  dead 6 ticks  momentum 3 ticks/20s  gas floor 0.5 STT  1 cycles
09:26:34 pull     slot 0 c08f  rejected: The contract function "cancelQuote" reverted with the following signature:
09:26:36 poke     slot 0 c08f  success  0xaf281152e67ccdafc2c425d2ecf48300fc2e368f81343cdd651c1dd0055a9ee7  gas 125918
09:26:40 pull     slot 2 c090  rejected: The contract function "cancelQuote" reverted with the following signature:
09:26:42 poke     slot 2 c090  success  0xc9d8b8708ec4fd90e11db62c272d51151372637d5a45382f892c481181ed06d9  gas 125918
09:26:46 cycle 1  NAV 4518.40  idle 4336.30  resting 182.10  share 0.964568
09:41:02 vault    0x2314436ed2BDC44321c74EF43adA14CAE723D352
09:41:02 operator 0x39D2bae5EAedA9283535dDC98F1991c81eD5Cd7E
09:41:02 interval 30s  active 3  size 100 (x0.5 on 900s)  dead 6 ticks  momentum 3 ticks/20s  gas floor 0.5 STT  1 cycles
09:41:36 pull     slot 0 c08f  rejected: The contract function "cancelQuote" reverted with the following signature:
09:41:39 poke     slot 0 c08f  success  0xd9cbd0b9fd63ed72a86dccfc73db2d8bbe3030a23d6685c6a44a6cf18b5988cd  gas 125918
09:41:43 pull     slot 2 c090  rejected: The contract function "cancelQuote" reverted with the following signature:
09:41:46 poke     slot 2 c090  success  0x4054f55806585d2e5a34abebd963af268e95f915680372624d94c59a2bf64b36  gas 125918
09:41:49 cycle 1  NAV 4518.40  idle 4336.30  resting 182.10  share 0.964568
09:56:03 vault    0x2314436ed2BDC44321c74EF43adA14CAE723D352
09:56:03 operator 0x39D2bae5EAedA9283535dDC98F1991c81eD5Cd7E
09:56:03 interval 30s  active 3  size 100 (x0.5 on 900s)  dead 6 ticks  momentum 3 ticks/20s  gas floor 0.5 STT  1 cycles
09:56:36 pull     slot 0 c08f  rejected: The contract function "cancelQuote" reverted with the following signature:
09:56:39 poke     slot 0 c08f  success  0x3e0fe58c77215fdfafde8199b60da1d52dc5f54d3b6969d3a6e9c40d17f41561  gas 125918
09:56:44 pull     slot 2 c090  rejected: The contract function "cancelQuote" reverted with the following signature:
09:56:47 poke     slot 2 c090  success  0xb41fd752198fe8f34c8618e87028978f79d4727c3c2dda1d269f0c5433c6fc20  gas 125918
09:56:50 cycle 1  NAV 4518.40  idle 4336.30  resting 182.10  share 0.964568
10:11:02 vault    0x2314436ed2BDC44321c74EF43adA14CAE723D352
10:11:02 operator 0x39D2bae5EAedA9283535dDC98F1991c81eD5Cd7E
10:11:02 interval 30s  active 3  size 100 (x0.5 on 900s)  dead 6 ticks  momentum 3 ticks/20s  gas floor 0.5 STT  1 cycles
10:11:37 pull     slot 0 c08f  rejected: The contract function "cancelQuote" reverted with the following signature:
10:11:39 poke     slot 0 c08f  success  0x18e40f6f6ad57a1d804451dadcfab60f815315a21d688d1b781c42452ef9b16c  gas 125918
10:11:41 slot 1: complete set held, book 12 ticks from our mid — flattening
10:11:43 flatten  slot 1 ca4d  success  0x7b5c0765ed74260e1d76d73538e14b6dcc94b3a0911f54e7ec2947799d24fb96  gas 408819
10:11:47 pull     slot 2 c090  rejected: The contract function "cancelQuote" reverted with the following signature:
10:11:49 poke     slot 2 c090  success  0x6872774bee41eab0831bb9178fe2deac20ace4c87211ec606d89ea5f6e76d25c  gas 125918
10:11:54 sampled  3 books in 0.4s; second look in 20s
10:12:15 skip     ETH-0-29AUG26-1100/tUSDC  mid moved 3 ticks in 20s — trending, not quoting
10:12:15 quote    slot 1 BTC-0-29AUG26-1100/tUSDC  theirs 0.134/0.157  ours 0.136/0.154  size 75  escrow 73.65  (mid still, 2 ticks)
10:12:17 quote    slot 1 cb72  success  0x177c763cf7f1448d0e25f5a6bb5d338fa8596296f26eefd4412644d063255276  gas 594405
10:12:20 arm      11:00:45Z  success  0xaf33448a75e7372a505ebd3d7a8b5149cbbfa3335dcf0ee76b08102a4c7d0384  gas 465755
10:12:22 cycle 1  NAV 4595.20  idle 4362.65  resting 232.55  share 0.980963
10:26:02 vault    0x2314436ed2BDC44321c74EF43adA14CAE723D352
10:26:02 operator 0x39D2bae5EAedA9283535dDC98F1991c81eD5Cd7E
10:26:02 interval 30s  active 3  size 100 (x0.5 on 900s)  dead 6 ticks  momentum 3 ticks/20s  gas floor 0.5 STT  1 cycles
10:26:34 pull     slot 0 c08f  rejected: The contract function "cancelQuote" reverted with the following signature:
10:26:36 poke     slot 0 c08f  success  0x79a8319a5a18c3c201a1f3f64ec93923481c9aaf029bf69c2796f65478aed164  gas 125918
10:26:41 pull     slot 2 c090  rejected: The contract function "cancelQuote" reverted with the following signature:
10:26:43 poke     slot 2 c090  success  0x399128179bcdff40423cff923fd8dcdad6ac6fa799b4185d155d747b2e1e0ce3  gas 125918
10:26:46 cycle 1  NAV 4531.75  idle 4362.65  resting 169.10  share 0.967418
10:41:02 vault    0x2314436ed2BDC44321c74EF43adA14CAE723D352
10:41:02 operator 0x39D2bae5EAedA9283535dDC98F1991c81eD5Cd7E
10:41:02 interval 30s  active 3  size 100 (x0.5 on 900s)  dead 6 ticks  momentum 3 ticks/20s  gas floor 0.5 STT  1 cycles
10:41:38 pull     slot 0 c08f  rejected: The contract function "cancelQuote" reverted with the following signature:
10:41:40 poke     slot 0 c08f  success  0xaac78b5d82d70249dac46942a1c62f29192886089c6d6b3cdff197c80c4a88b2  gas 125918
10:41:44 pull     slot 2 c090  rejected: The contract function "cancelQuote" reverted with the following signature:
10:41:46 poke     slot 2 c090  success  0x592b5fa4825a10b439ddb08c396626c8e29624db66707d27400969add33a5cea  gas 125918
10:41:49 cycle 1  NAV 4531.75  idle 4362.65  resting 169.10  share 0.967418
10:56:02 vault    0x2314436ed2BDC44321c74EF43adA14CAE723D352
10:56:02 operator 0x39D2bae5EAedA9283535dDC98F1991c81eD5Cd7E
10:56:02 interval 30s  active 3  size 100 (x0.5 on 900s)  dead 6 ticks  momentum 3 ticks/20s  gas floor 0.5 STT  1 cycles
10:56:34 pull     slot 0 c08f  rejected: The contract function "cancelQuote" reverted with the following signature:
10:56:37 poke     slot 0 c08f  success  0x718466aed9b51ddd4f7cb22d929da564ae85326307ace22f035017f3814ab4af  gas 125918
10:56:41 pull     slot 2 c090  rejected: The contract function "cancelQuote" reverted with the following signature:
10:56:44 poke     slot 2 c090  success  0xf25b3617d415b65b6df6af8a15fdf3d8d0c748fee0c358b803bf4c6109499bdb  gas 125918
10:56:47 cycle 1  NAV 4531.75  idle 4362.65  resting 169.10  share 0.967418
11:11:01 vault    0x2314436ed2BDC44321c74EF43adA14CAE723D352
11:11:01 operator 0x39D2bae5EAedA9283535dDC98F1991c81eD5Cd7E
11:11:01 interval 30s  active 3  size 100 (x0.5 on 900s)  dead 6 ticks  momentum 3 ticks/20s  gas floor 0.5 STT  1 cycles
11:11:34 pull     slot 0 c08f  rejected: The contract function "cancelQuote" reverted with the following signature:
11:11:36 poke     slot 0 c08f  success  0x1b4e3e3bcef9a5c2eda009ef45645fac103c1199a9c7a9be110ad6cd50d6c998  gas 125918
11:11:39 pull     slot 2 c090  rejected: The contract function "cancelQuote" reverted with the following signature:
11:11:41 poke     slot 2 c090  success  0x3567a1f2f67821019b4a97689f6d6af8e5887f7a723a674f8a0906bbc0912d39  gas 125918
11:11:46 sampled  2 books in 0.4s; second look in 20s
11:12:07 quote    slot 1 ETH-0-29AUG26-1200-CC15/tUSDC  theirs 0.613/0.642  ours 0.615/0.639  size 75  escrow 73.20  (mid still, 1 ticks)
11:12:09 quote    slot 1 cc15  success  0xd4981760f666e69b594f6636c0687fb20a86a80c72ce2e3818cab0c9060d05c5  gas 5787289
11:12:10 cycle 1  NAV 4596.55  idle 4364.45  resting 232.10  share 0.981251
11:26:01 vault    0x2314436ed2BDC44321c74EF43adA14CAE723D352
11:26:01 operator 0x39D2bae5EAedA9283535dDC98F1991c81eD5Cd7E
11:26:01 interval 30s  active 3  size 100 (x0.5 on 900s)  dead 6 ticks  momentum 3 ticks/20s  gas floor 0.5 STT  1 cycles
11:26:36 pull     slot 0 c08f  rejected: The contract function "cancelQuote" reverted with the following signature:
11:26:38 poke     slot 0 c08f  success  0x760f66ff4c0e9395aeb28236c9c0b047766bd3ab5b907df5cefcb1e28c546504  gas 125918
11:26:42 pull     slot 2 c090  rejected: The contract function "cancelQuote" reverted with the following signature:
11:26:44 poke     slot 2 c090  success  0xe2114b658d6c46b9de5ba0a11c0b5ab03a46f04404d8070d3c8952d098ccafde  gas 125918
11:26:47 cycle 1  NAV 4569.47  idle 4364.45  resting 205.03  share 0.975472
11:41:02 vault    0x2314436ed2BDC44321c74EF43adA14CAE723D352
11:41:02 operator 0x39D2bae5EAedA9283535dDC98F1991c81eD5Cd7E
11:41:02 interval 30s  active 3  size 100 (x0.5 on 900s)  dead 6 ticks  momentum 3 ticks/20s  gas floor 0.5 STT  1 cycles
11:41:33 pull     slot 0 c08f  rejected: The contract function "cancelQuote" reverted with the following signature:
11:41:35 poke     slot 0 c08f  success  0x2d5882c95c5c5cafcfa268d95dfe1665d04dce313a3887b0080f9d1c5e7c8932  gas 125918
11:41:39 pull     slot 2 c090  rejected: The contract function "cancelQuote" reverted with the following signature:
11:41:41 poke     slot 2 c090  success  0xafeef3127bddfe724ecb7064cf796110a90f80aca60d631bd4749f851966e956  gas 125918
11:41:43 cycle 1  NAV 4569.47  idle 4364.45  resting 205.03  share 0.975472
11:56:02 vault    0x2314436ed2BDC44321c74EF43adA14CAE723D352
11:56:02 operator 0x39D2bae5EAedA9283535dDC98F1991c81eD5Cd7E
11:56:02 interval 30s  active 3  size 100 (x0.5 on 900s)  dead 6 ticks  momentum 3 ticks/20s  gas floor 0.5 STT  1 cycles
11:56:43 pull     slot 0 c08f  rejected: The contract function "cancelQuote" reverted with the following signature:
11:56:46 poke     slot 0 c08f  success  0x8cdd9b2a126d981e36bccb48d2aea353f5360e023bcec02ce9c3dbcde6a1f45d  gas 125918
11:56:52 pull     slot 2 c090  rejected: The contract function "cancelQuote" reverted with the following signature:
11:56:56 poke     slot 2 c090  success  0x0d1fde4f3a0f82957845455e14bea83ca818ee1c06d6e185a67aef52ff044fda  gas 125918
11:57:01 cycle 1  NAV 4569.47  idle 4364.45  resting 205.03  share 0.975472
12:11:02 vault    0x2314436ed2BDC44321c74EF43adA14CAE723D352
12:11:02 operator 0x39D2bae5EAedA9283535dDC98F1991c81eD5Cd7E
12:11:02 interval 30s  active 3  size 100 (x0.5 on 900s)  dead 6 ticks  momentum 3 ticks/20s  gas floor 0.5 STT  1 cycles
12:11:39 pull     slot 0 c08f  rejected: The contract function "cancelQuote" reverted with the following signature:
12:11:41 poke     slot 0 c08f  success  0xee856837e11f884d44182107b3da655a7576cefb267fd1b3e0cf7913eadbcefd  gas 125918
12:11:44 pull     slot 2 c090  rejected: The contract function "cancelQuote" reverted with the following signature:
12:11:47 poke     slot 2 c090  success  0xb2dc082aee82f35ac405c1e8110dbe6c90fe65ea265af59f9f43120c8f5769cc  gas 125918
12:11:52 sampled  4 books in 0.4s; second look in 20s
12:12:13 quote    slot 1 ETH-0-29AUG26-1300/tUSDC  theirs 0.424/0.453  ours 0.426/0.450  size 75  escrow 73.20  (mid still, 1 ticks)
12:12:15 quote    slot 1 ccc9  success  0xeebcdec55856baea49d261cc57009c06b948ad8d82d61658fcb87ad3f1a00e9d  gas 5787289
12:12:18 arm      13:00:45Z  success  0xe7586d84cc97f173d7a9f7bb14a3bf40aa4b56782f0b9cdda820456aaf40f9e5  gas 465755
12:12:20 cycle 1  NAV 4569.47  idle 4337.37  resting 232.10  share 0.975472
12:26:02 vault    0x2314436ed2BDC44321c74EF43adA14CAE723D352
12:26:02 operator 0x39D2bae5EAedA9283535dDC98F1991c81eD5Cd7E
12:26:02 interval 30s  active 3  size 100 (x0.5 on 900s)  dead 6 ticks  momentum 3 ticks/20s  gas floor 0.5 STT  1 cycles
12:26:40 pull     slot 0 c08f  rejected: The contract function "cancelQuote" reverted with the following signature:
12:26:42 poke     slot 0 c08f  success  0x57d1d0613c3c082dc649ed1c86c6563621cbf97196764c89f44df2bce235b47b  gas 125918
12:26:44 slot 1: complete set held, book 59 ticks from our mid — flattening
12:26:48 flatten  slot 1 ccc9  success  0xd3d8e7147b271c933995e125276a6d61e0092931748af0ec91f5620f5e6cbf64  gas 808819
12:26:50 pull     slot 2 c090  rejected: The contract function "cancelQuote" reverted with the following signature:
12:26:52 poke     slot 2 c090  success  0x8b67fb4fc7b1a9a6b861fd6c0eb3835e34d8a6b1e9a1417ec468eb3e862d03fc  gas 125918
12:27:00 sampled  3 books in 0.3s; second look in 20s
12:27:25 skip     BTC-0-29AUG26-1300/tUSDC  mid moved 4 ticks in 20s — trending, not quoting
12:27:25 quote    slot 1 ETH-0-29AUG26-1600/tUSDC  theirs 0.435/0.465  ours 0.437/0.463  size 100  escrow 97.40  (mid still, 0 ticks)
12:27:27 quote    slot 1 ccc7  success  0x989d8d36fe2d932beb49bc286a7cea7156d0a78b2c5b04a61feb1b49c35147f7  gas 5987289
12:27:30 arm      16:00:45Z  success  0x6d8c8ab7438cad86098e2411fe49b20a516d449542291cc3b14d54b549eaaf12  gas 465755
12:27:30 cycle 1  NAV 4571.27  idle 4314.97  resting 256.30  share 0.975856
12:41:01 vault    0x2314436ed2BDC44321c74EF43adA14CAE723D352
12:41:01 operator 0x39D2bae5EAedA9283535dDC98F1991c81eD5Cd7E
12:41:01 interval 30s  active 3  size 100 (x0.5 on 900s)  dead 6 ticks  momentum 3 ticks/20s  gas floor 0.5 STT  1 cycles
12:41:34 pull     slot 0 c08f  rejected: The contract function "cancelQuote" reverted with the following signature:
12:41:36 poke     slot 0 c08f  success  0xd33cdb56c9794f81a9f39eb1be280a2a11ee9241b7c6cf80a4a4db5c39ab566e  gas 125918
12:41:38 slot 1: complete set held, book 12 ticks from our mid — flattening
12:41:40 flatten  slot 1 ccc7  success  0xb7c3acc2cdd614bb341448d4e6ea24c0e1235eba81fa52d5809b51053915d09c  gas 808819
12:41:43 pull     slot 2 c090  rejected: The contract function "cancelQuote" reverted with the following signature:
12:41:45 poke     slot 2 c090  success  0x9422bdd5bbb2ab2bf73ae017666fd8e1499ed8c457f3f9953d31d7960137b67e  gas 125918
12:41:51 sampled  3 books in 0.3s; second look in 20s
12:42:12 quote    slot 1 BTC-0-29AUG26-1300/tUSDC  theirs 0.446/0.476  ours 0.448/0.474  size 75  escrow 73.05  (mid still, 0 ticks)
12:42:14 quote    slot 1 ccc8  success  0x32b819ed5609ef850b7fba48956aebc333d19d5f9a4292baa4e896adfa9f7bea  gas 5190847
12:42:15 cycle 1  NAV 4573.87  idle 4341.92  resting 231.95  share 0.976411
12:56:01 vault    0x2314436ed2BDC44321c74EF43adA14CAE723D352
12:56:01 operator 0x39D2bae5EAedA9283535dDC98F1991c81eD5Cd7E
12:56:01 interval 30s  active 3  size 100 (x0.5 on 900s)  dead 6 ticks  momentum 3 ticks/20s  gas floor 0.5 STT  1 cycles
12:56:36 pull     slot 0 c08f  rejected: The contract function "cancelQuote" reverted with the following signature:
12:56:38 poke     slot 0 c08f  success  0x8bbaa7cf44e2378730350a06b7279d3ef4d4a5f6405c92f99f2ac01a63392ff7  gas 125918
12:56:40 slot 1: complete set held, book 179 ticks from our mid — flattening
12:56:42 flatten  slot 1 ccc8  success  0x0a7343ece0a4798259be6fd872173d2cac0cac974838abfed3a29b498ed5578f  gas 808819
12:56:44 pull     slot 2 c090  rejected: The contract function "cancelQuote" reverted with the following signature:
12:56:46 poke     slot 2 c090  success  0xf963ea7ea9a72ab6f68df7706320b20d329a2a6d5abb09accba640826414f2cc  gas 125918
12:56:51 sampled  2 books in 0.3s; second look in 20s
12:57:12 quote    slot 1 ETH-0-29AUG26-1600/tUSDC  theirs 0.358/0.386  ours 0.360/0.384  size 100  escrow 97.60  (mid still, 1 ticks)
12:57:14 quote    slot 1 ccc7  success  0xed78642f3c714ff45b82180a360604b1f1fdd34f7f87bf68d6ebdbecb3b75034  gas 794405
12:57:16 cycle 1  NAV 4575.82  idle 4319.32  resting 256.50  share 0.976827
13:11:01 vault    0x2314436ed2BDC44321c74EF43adA14CAE723D352
13:11:01 operator 0x39D2bae5EAedA9283535dDC98F1991c81eD5Cd7E
13:11:01 interval 30s  active 3  size 100 (x0.5 on 900s)  dead 6 ticks  momentum 3 ticks/20s  gas floor 0.5 STT  1 cycles
13:11:34 pull     slot 0 c08f  rejected: The contract function "cancelQuote" reverted with the following signature:
13:11:37 poke     slot 0 c08f  success  0xffef36cc662c751ba7b948c9c598681dc0b3776b369b54a98ee7bf8a835df332  gas 125918
13:11:39 slot 1: complete set held, book 29 ticks from our mid — flattening
13:11:42 flatten  slot 1 ccc7  success  0x97c69345ec432a0a84f916750f21a028a3a308493b6f549bd202fd62bf083f3f  gas 408819
13:11:44 pull     slot 2 c090  rejected: The contract function "cancelQuote" reverted with the following signature:
13:11:47 poke     slot 2 c090  success  0x59e30cda77608296e0b42d4ee78b21c32cc30d9daed5a4534a8978d3ea221aac  gas 125918
13:11:54 sampled  3 books in 0.4s; second look in 20s
13:12:15 quote    slot 1 BTC-0-29AUG26-1400/tUSDC  theirs 0.696/0.724  ours 0.698/0.722  size 75  escrow 73.20  (mid still, 2 ticks)
13:12:18 quote    slot 1 cd7a  success  0x45395f01cac6a98efe500f30a641d525dcf3e9e3c6836605b80cc55ce64f9936  gas 5788970
13:12:22 arm      14:00:45Z  success  0x9ed9ee5c17fe2c7fd8562196d39e9e5c2e54443dc33e283d92855489931726a4  gas 465755
13:12:24 cycle 1  NAV 4578.22  idle 4346.12  resting 232.10  share 0.977340
13:26:02 vault    0x2314436ed2BDC44321c74EF43adA14CAE723D352
13:26:02 operator 0x39D2bae5EAedA9283535dDC98F1991c81eD5Cd7E
13:26:02 interval 30s  active 3  size 100 (x0.5 on 900s)  dead 6 ticks  momentum 3 ticks/20s  gas floor 0.5 STT  1 cycles
13:26:34 pull     slot 0 c08f  rejected: The contract function "cancelQuote" reverted with the following signature:
13:26:36 poke     slot 0 c08f  success  0x9dc9d5830a71e0d685348c414a91dbc64a65874eb9ccc2f0b6b94b20b2a6068b  gas 125918
13:26:40 pull     slot 2 c090  rejected: The contract function "cancelQuote" reverted with the following signature:
13:26:42 poke     slot 2 c090  success  0x7498349e3ae99c76ffa5ae5939960177cdc77303700813d56b3591db09c7efea  gas 125918
13:26:46 cycle 1  NAV 4557.37  idle 4346.12  resting 211.25  share 0.972889
13:41:02 vault    0x2314436ed2BDC44321c74EF43adA14CAE723D352
13:41:02 operator 0x39D2bae5EAedA9283535dDC98F1991c81eD5Cd7E
13:41:02 interval 30s  active 3  size 100 (x0.5 on 900s)  dead 6 ticks  momentum 3 ticks/20s  gas floor 0.5 STT  1 cycles
13:41:35 pull     slot 0 c08f  rejected: The contract function "cancelQuote" reverted with the following signature:
13:41:37 poke     slot 0 c08f  success  0xd46a1cd621646c1a0267ae2f034a958bdeae181366b1c9794f51ede850e8670d  gas 125918
13:41:42 pull     slot 2 c090  rejected: The contract function "cancelQuote" reverted with the following signature:
13:41:44 poke     slot 2 c090  success  0x1268a03656d1958d56a7dc0d9ea66d72d83a0fc0e3d190cf79ee9bf5235e786b  gas 125918
13:41:47 cycle 1  NAV 4557.37  idle 4346.12  resting 211.25  share 0.972889
13:56:01 vault    0x2314436ed2BDC44321c74EF43adA14CAE723D352
13:56:01 operator 0x39D2bae5EAedA9283535dDC98F1991c81eD5Cd7E
13:56:01 interval 30s  active 3  size 100 (x0.5 on 900s)  dead 6 ticks  momentum 3 ticks/20s  gas floor 0.5 STT  1 cycles
13:56:36 pull     slot 0 c08f  rejected: The contract function "cancelQuote" reverted with the following signature:
13:56:40 poke     slot 0 c08f  success  0x28a100b58094ed2c445e8baebe6e5a1e75fccf70acbb99fc78c411d9178188e6  gas 125918
13:56:45 pull     slot 2 c090  rejected: The contract function "cancelQuote" reverted with the following signature:
13:56:48 poke     slot 2 c090  success  0xebee7c2ff36ebe0dc8697dca0ee9841917c3c1b7515f5915a558560cb44feafc  gas 125918
13:56:51 cycle 1  NAV 4557.37  idle 4346.12  resting 211.25  share 0.972889
14:11:02 vault    0x2314436ed2BDC44321c74EF43adA14CAE723D352
14:11:02 operator 0x39D2bae5EAedA9283535dDC98F1991c81eD5Cd7E
14:11:02 interval 30s  active 3  size 100 (x0.5 on 900s)  dead 6 ticks  momentum 3 ticks/20s  gas floor 0.5 STT  1 cycles
14:11:38 pull     slot 0 c08f  rejected: The contract function "cancelQuote" reverted with the following signature:
14:11:40 poke     slot 0 c08f  success  0xfb5423227c873f34c6c69be832c69e803f144637a2e6498de30e71fca4825378  gas 125918
14:11:42 pull     slot 2 c090  rejected: The contract function "cancelQuote" reverted with the following signature:
14:11:45 poke     slot 2 c090  success  0x02b3af4d7dde138f62c66985b70dbc4e655c980f621c38c198791c8794161e95  gas 125918
14:11:50 sampled  4 books in 0.4s; second look in 20s
14:12:12 quote    slot 1 BTC-0-29AUG26-1500/tUSDC  theirs 0.347/0.375  ours 0.349/0.373  size 75  escrow 73.20  (mid still, 0 ticks)
14:12:14 quote    slot 1 ce2c  success  0x4732adb1f18ffe0fc1da7848369e5ed5e4bb286839271d464913089ac8fc58e0  gas 6587289
14:12:16 arm      15:00:45Z  success  0x66c65b16d5959f61a310dbd0a358e8c1f2c3a6bb46c5b276b0c3a675c709dbf2  gas 465755
14:12:18 cycle 1  NAV 4510.35  idle 4325.27  resting 185.07  share 0.962850
14:26:02 vault    0x2314436ed2BDC44321c74EF43adA14CAE723D352
14:26:02 operator 0x39D2bae5EAedA9283535dDC98F1991c81eD5Cd7E
14:26:02 interval 30s  active 3  size 100 (x0.5 on 900s)  dead 6 ticks  momentum 3 ticks/20s  gas floor 0.5 STT  1 cycles
14:26:37 pull     slot 0 c08f  rejected: The contract function "cancelQuote" reverted with the following signature:
14:26:39 poke     slot 0 c08f  success  0xd99c2e909712ec5b84bcc5e9844112c35f851ca783bf47db7118d325151aa476  gas 125918
14:26:43 pull     slot 2 c090  rejected: The contract function "cancelQuote" reverted with the following signature:
14:26:45 poke     slot 2 c090  success  0xd79c7db6405b4ff3fdd05bbe6f077dfc0f0c3ffbd45616ada52ce9ae54f138bd  gas 125918
14:26:48 cycle 1  NAV 4510.35  idle 4325.27  resting 185.07  share 0.962850
14:41:02 vault    0x2314436ed2BDC44321c74EF43adA14CAE723D352
14:41:02 operator 0x39D2bae5EAedA9283535dDC98F1991c81eD5Cd7E
14:41:02 interval 30s  active 3  size 100 (x0.5 on 900s)  dead 6 ticks  momentum 3 ticks/20s  gas floor 0.5 STT  1 cycles
14:41:37 pull     slot 0 c08f  rejected: The contract function "cancelQuote" reverted with the following signature:
14:41:40 poke     slot 0 c08f  success  0xdec12a6744139818d78d21a1874b7fb3115e810063ba5c3b4cf29b0454ec2a1a  gas 125918
14:41:44 pull     slot 2 c090  rejected: The contract function "cancelQuote" reverted with the following signature:
14:41:47 poke     slot 2 c090  success  0x1c1f7be4844c0b291e9c2ec39f164b0b2e594b2b0ead4eb5cdda0ef2f43d2058  gas 125918
14:41:51 cycle 1  NAV 4510.35  idle 4325.27  resting 185.07  share 0.962850
14:56:02 vault    0x2314436ed2BDC44321c74EF43adA14CAE723D352
14:56:02 operator 0x39D2bae5EAedA9283535dDC98F1991c81eD5Cd7E
14:56:02 interval 30s  active 3  size 100 (x0.5 on 900s)  dead 6 ticks  momentum 3 ticks/20s  gas floor 0.5 STT  1 cycles
14:56:42 pull     slot 0 c08f  rejected: The contract function "cancelQuote" reverted with the following signature:
14:56:44 poke     slot 0 c08f  success  0x74f2aef1b61bafb529d8e340e51009e329925216d00a0bfb3905ff64c86914a9  gas 125918
14:56:48 pull     slot 2 c090  rejected: The contract function "cancelQuote" reverted with the following signature:
14:56:52 poke     slot 2 c090  success  0xf400a761923b72bc541174db4c743e2efd355534e997920fc703663345fc7329  gas 125918
14:56:54 cycle 1  NAV 4510.35  idle 4325.27  resting 185.07  share 0.962850
15:11:02 vault    0x2314436ed2BDC44321c74EF43adA14CAE723D352
15:11:02 operator 0x39D2bae5EAedA9283535dDC98F1991c81eD5Cd7E
15:11:02 interval 30s  active 3  size 100 (x0.5 on 900s)  dead 6 ticks  momentum 3 ticks/20s  gas floor 0.5 STT  1 cycles
15:11:43 pull     slot 0 c08f  rejected: The contract function "cancelQuote" reverted with the following signature:
15:11:47 poke     slot 0 c08f  success  0x5af19d485e6dcde0b9c96247c32bb011f5f356b7c7706f798af09339ea7294fd  gas 125918
15:11:50 pull     slot 2 c090  rejected: The contract function "cancelQuote" reverted with the following signature:
15:11:52 poke     slot 2 c090  success  0x7acfb65fc1df811a492b1dab93f736e57a5ffd28c47f488b3a064543166fea00  gas 125918
15:12:00 sampled  2 books in 0.3s; second look in 20s
15:12:21 skip     ETH-0-29AUG26-1600-CEDF/tUSDC  mid moved 6 ticks in 20s — trending, not quoting
15:12:21 skip     BTC-0-29AUG26-1600-CEDE/tUSDC  mid moved 25 ticks in 20s — trending, not quoting
15:12:26 cycle 1  NAV 4510.35  idle 4351.45  resting 158.90  share 0.962850
15:26:01 vault    0x2314436ed2BDC44321c74EF43adA14CAE723D352
15:26:01 operator 0x39D2bae5EAedA9283535dDC98F1991c81eD5Cd7E
15:26:01 interval 30s  active 3  size 100 (x0.5 on 900s)  dead 6 ticks  momentum 3 ticks/20s  gas floor 0.5 STT  1 cycles
15:26:41 pull     slot 0 c08f  rejected: The contract function "cancelQuote" reverted with the following signature:
15:26:46 poke     slot 0 c08f  success  0xe537053c27babf721103d1adcea30ab98bbe761c67006fc8875fc19e5316c60d  gas 125918
15:26:49 pull     slot 2 c090  rejected: The contract function "cancelQuote" reverted with the following signature:
15:26:52 poke     slot 2 c090  success  0x1d7f4cffca745da76217275828cca7055c94b60e745cc1c8b3a21b1a87b40a6a  gas 125918
15:26:59 sampled  2 books in 0.4s; second look in 20s
15:27:20 skip     ETH-0-29AUG26-1600-CEDF/tUSDC  mid moved 25 ticks in 20s — trending, not quoting
15:27:20 skip     BTC-0-29AUG26-1600-CEDE/tUSDC  mid moved 25 ticks in 20s — trending, not quoting
15:27:23 cycle 1  NAV 4510.35  idle 4351.45  resting 158.90  share 0.962850
15:41:01 vault    0x2314436ed2BDC44321c74EF43adA14CAE723D352
15:41:01 operator 0x39D2bae5EAedA9283535dDC98F1991c81eD5Cd7E
15:41:01 interval 30s  active 3  size 100 (x0.5 on 900s)  dead 6 ticks  momentum 3 ticks/20s  gas floor 0.5 STT  1 cycles
15:41:40 pull     slot 0 c08f  rejected: The contract function "cancelQuote" reverted with the following signature:
15:41:43 poke     slot 0 c08f  success  0x52a0dafb887c6a085fc56eaea41da652758a469cb8cb22a4ee912989b6fbc109  gas 125918
15:41:46 pull     slot 2 c090  rejected: The contract function "cancelQuote" reverted with the following signature:
15:41:48 poke     slot 2 c090  success  0x754bf6988333d08f6898e6b89888e7413eca7a6546cd9b0ef1661adc677723d9  gas 125918
15:41:54 sampled  2 books in 0.3s; second look in 20s
15:42:15 skip     ETH-0-29AUG26-1600-CEDF/tUSDC  mid moved 26 ticks in 20s — trending, not quoting
15:42:15 skip     BTC-0-29AUG26-1600-CEDE/tUSDC  mid 0.025 — priced as near-certain, no two-sided trade here
15:42:19 cycle 1  NAV 4510.35  idle 4351.45  resting 158.90  share 0.962850
15:56:02 vault    0x2314436ed2BDC44321c74EF43adA14CAE723D352
15:56:02 operator 0x39D2bae5EAedA9283535dDC98F1991c81eD5Cd7E
15:56:02 interval 30s  active 3  size 100 (x0.5 on 900s)  dead 6 ticks  momentum 3 ticks/20s  gas floor 0.5 STT  1 cycles
15:56:36 pull     slot 0 c08f  rejected: The contract function "cancelQuote" reverted with the following signature:
15:56:38 poke     slot 0 c08f  success  0x9591214206b9306058930e8809ae7fbb0012accb7158c6f09edf088994f0246e  gas 125918
15:56:41 pull     slot 2 c090  rejected: The contract function "cancelQuote" reverted with the following signature:
15:56:43 poke     slot 2 c090  success  0xfc59befee8b0311d2a28655d54c66d39f1a13a8b2385b031cb519054c080ca8e  gas 125918
15:56:48 sampled  0 books in 0.0s; second look in 20s
15:56:53 cycle 1  NAV 4510.35  idle 4351.45  resting 158.90  share 0.962850
16:11:02 vault    0x2314436ed2BDC44321c74EF43adA14CAE723D352
16:11:02 operator 0x39D2bae5EAedA9283535dDC98F1991c81eD5Cd7E
16:11:02 interval 30s  active 3  size 100 (x0.5 on 900s)  dead 6 ticks  momentum 3 ticks/20s  gas floor 0.5 STT  1 cycles
16:11:36 pull     slot 0 c08f  rejected: The contract function "cancelQuote" reverted with the following signature:
16:11:38 poke     slot 0 c08f  success  0xced0f824a08634e807a22b1185156cff1c2fb38af713badabd6f50d462d68ea8  gas 125918
16:11:41 pull     slot 2 c090  rejected: The contract function "cancelQuote" reverted with the following signature:
16:11:43 poke     slot 2 c090  success  0xa40faa09e79e45cc647f5c9abe4f909ca40708cf891c968c3b6c18bc42b4da25  gas 125918
16:11:47 sampled  4 books in 0.4s; second look in 20s
16:12:08 skip     BTC-0-29AUG26-1700/tUSDC  mid moved 65 ticks in 20s — trending, not quoting
16:12:08 skip     ETH-0-29AUG26-1700/tUSDC  mid moved 33 ticks in 20s — trending, not quoting
16:12:08 skip     ETH-0-29AUG26-2000/tUSDC  mid moved 21 ticks in 20s — trending, not quoting
16:12:08 skip     BTC-0-29AUG26-2000/tUSDC  mid moved 42 ticks in 20s — trending, not quoting
16:12:12 cycle 1  NAV 4510.35  idle 4351.45  resting 158.90  share 0.962850
16:26:09 vault    0x2314436ed2BDC44321c74EF43adA14CAE723D352
16:26:09 operator 0x39D2bae5EAedA9283535dDC98F1991c81eD5Cd7E
16:26:09 interval 30s  active 3  size 100 (x0.5 on 900s)  dead 6 ticks  momentum 3 ticks/20s  gas floor 0.5 STT  1 cycles
16:26:43 pull     slot 0 c08f  rejected: The contract function "cancelQuote" reverted with the following signature:
16:26:45 poke     slot 0 c08f  success  0x34fac1e0396314200b4b298b436bb3f3eb22a55a4eed2af39d0c7c8785494f2e  gas 125918
16:26:48 pull     slot 2 c090  rejected: The contract function "cancelQuote" reverted with the following signature:
16:26:50 poke     slot 2 c090  success  0x29ad11ca7e7cd2549efc1b608013a479d93f6c7339ec421e5fdb0388d8b3878d  gas 125918
16:26:55 sampled  4 books in 0.4s; second look in 20s
16:27:17 skip     BTC-0-29AUG26-1700/tUSDC  mid moved 55 ticks in 20s — trending, not quoting
16:27:17 skip     ETH-0-29AUG26-1700/tUSDC  mid moved 37 ticks in 20s — trending, not quoting
16:27:17 skip     ETH-0-29AUG26-2000/tUSDC  mid moved 17 ticks in 20s — trending, not quoting
16:27:17 skip     BTC-0-29AUG26-2000/tUSDC  mid moved 22 ticks in 20s — trending, not quoting
16:27:20 cycle 1  NAV 4510.35  idle 4351.45  resting 158.90  share 0.962850
16:41:02 vault    0x2314436ed2BDC44321c74EF43adA14CAE723D352
16:41:02 operator 0x39D2bae5EAedA9283535dDC98F1991c81eD5Cd7E
16:41:02 interval 30s  active 3  size 100 (x0.5 on 900s)  dead 6 ticks  momentum 3 ticks/20s  gas floor 0.5 STT  1 cycles
16:41:36 pull     slot 0 c08f  rejected: The contract function "cancelQuote" reverted with the following signature:
16:41:40 poke     slot 0 c08f  success  0x3dd815d3040619f4a8a7d95386edefb372119d8ac47087b45103319151da9cc5  gas 125918
16:41:43 pull     slot 2 c090  rejected: The contract function "cancelQuote" reverted with the following signature:
16:41:46 poke     slot 2 c090  success  0x17cd1a9635f5155604e55c17bac43173ede1dce84fa03abe7605fe4efbaa5b51  gas 125918
16:41:52 sampled  4 books in 0.3s; second look in 20s
16:42:13 skip     BTC-0-29AUG26-1700/tUSDC  mid 0.952 — priced as near-certain, no two-sided trade here
16:42:13 skip     ETH-0-29AUG26-1700/tUSDC  mid 0.948 — priced as near-certain, no two-sided trade here
16:42:13 skip     ETH-0-29AUG26-2000/tUSDC  mid moved 7 ticks in 20s — trending, not quoting
16:42:13 quote    slot 1 BTC-0-29AUG26-2000/tUSDC  theirs 0.697/0.725  ours 0.699/0.723  size 100  escrow 97.60  (mid still, 2 ticks)
16:42:16 quote    slot 1 cf90  success  0x86b4b0e696bb5ec4a246781197596a2b7329490c3f864d064550fc8ad9bd5a01  gas 5787289
16:42:20 arm      20:00:45Z  success  0x6d48b01c1116a0a671b3103b065b8161946ec4445bf8913fdf83ca68f02c6727  gas 465755
16:42:21 cycle 1  NAV 4510.35  idle 4253.85  resting 256.50  share 0.962850
16:56:02 vault    0x2314436ed2BDC44321c74EF43adA14CAE723D352
16:56:02 operator 0x39D2bae5EAedA9283535dDC98F1991c81eD5Cd7E
16:56:02 interval 30s  active 3  size 100 (x0.5 on 900s)  dead 6 ticks  momentum 3 ticks/20s  gas floor 0.5 STT  1 cycles
16:56:38 pull     slot 0 c08f  rejected: The contract function "cancelQuote" reverted with the following signature:
16:56:40 poke     slot 0 c08f  success  0xf0212a31f46e230e6888a7e538adb85f638e794b494bb6b5f59f2163c1dd93ea  gas 125918
16:56:45 pull     slot 2 c090  rejected: The contract function "cancelQuote" reverted with the following signature:
16:56:47 poke     slot 2 c090  success  0xf3b35abaaf4949694c5e9229eb95583021f8d6839dd30bba35779ce5ddb3fb16  gas 125918
16:56:49 cycle 1  NAV 4482.65  idle 4253.85  resting 228.80  share 0.956937
17:11:02 vault    0x2314436ed2BDC44321c74EF43adA14CAE723D352
17:11:02 operator 0x39D2bae5EAedA9283535dDC98F1991c81eD5Cd7E
17:11:02 interval 30s  active 3  size 100 (x0.5 on 900s)  dead 6 ticks  momentum 3 ticks/20s  gas floor 0.5 STT  1 cycles
17:11:36 pull     slot 0 c08f  rejected: The contract function "cancelQuote" reverted with the following signature:
17:11:39 poke     slot 0 c08f  success  0xdde4a285abe0c5e4fd3d13b83a10529179da01ca7c827e106fe9f57532300475  gas 125918
17:11:43 pull     slot 2 c090  rejected: The contract function "cancelQuote" reverted with the following signature:
17:11:46 poke     slot 2 c090  success  0x2ec29739b5b1368a081bbedae3eab473e83350144b4c8fecd07bf3af7a8a0c9e  gas 125918
17:11:50 cycle 1  NAV 4482.65  idle 4253.85  resting 228.80  share 0.956937
17:26:02 vault    0x2314436ed2BDC44321c74EF43adA14CAE723D352
17:26:02 operator 0x39D2bae5EAedA9283535dDC98F1991c81eD5Cd7E
17:26:02 interval 30s  active 3  size 100 (x0.5 on 900s)  dead 6 ticks  momentum 3 ticks/20s  gas floor 0.5 STT  1 cycles
17:26:34 pull     slot 0 c08f  rejected: The contract function "cancelQuote" reverted with the following signature:
17:26:36 poke     slot 0 c08f  success  0x210e77f6dd33de77dc34f96ada5805997d38de4640018efdc72b0d4da0d184d4  gas 125918
17:26:41 pull     slot 2 c090  rejected: The contract function "cancelQuote" reverted with the following signature:
17:26:43 poke     slot 2 c090  success  0x31e0b8096448ce113e8e987ae5a5285280444ca032d46098c2f2acc77ea1962e  gas 125918
17:26:46 cycle 1  NAV 4482.65  idle 4253.85  resting 228.80  share 0.956937
17:41:02 vault    0x2314436ed2BDC44321c74EF43adA14CAE723D352
17:41:02 operator 0x39D2bae5EAedA9283535dDC98F1991c81eD5Cd7E
17:41:02 interval 30s  active 3  size 100 (x0.5 on 900s)  dead 6 ticks  momentum 3 ticks/20s  gas floor 0.5 STT  1 cycles
17:41:38 pull     slot 0 c08f  rejected: The contract function "cancelQuote" reverted with the following signature:
17:41:40 poke     slot 0 c08f  success  0xa6e7e36c52385e319e4c8ace9c19b6abcf16e6c3684b6b380a02b376312c2659  gas 125918
17:41:42 slot 1: complete set held, book 48 ticks from our mid — flattening
17:41:44 flatten  slot 1 cf90  success  0xf3953f403d694873865b83e83586c7d20679bd20889fa26acd7710cf07da2c37  gas 808819
17:41:46 pull     slot 2 c090  rejected: The contract function "cancelQuote" reverted with the following signature:
17:41:49 poke     slot 2 c090  success  0xf4a97ef948f978b7883a6bba70e6ea41079316d390847941f03627ef8bf57bdb  gas 125918
17:41:54 sampled  3 books in 0.4s; second look in 20s
17:42:15 skip     BTC-0-29AUG26-1800/tUSDC  mid moved 55 ticks in 20s — trending, not quoting
17:42:15 skip     ETH-0-29AUG26-1800/tUSDC  mid moved 56 ticks in 20s — trending, not quoting
17:42:15 skip     ETH-0-29AUG26-2000/tUSDC  mid moved 11 ticks in 20s — trending, not quoting
17:42:19 cycle 1  NAV 4512.75  idle 4353.85  resting 158.90  share 0.963362
17:56:02 vault    0x2314436ed2BDC44321c74EF43adA14CAE723D352
17:56:02 operator 0x39D2bae5EAedA9283535dDC98F1991c81eD5Cd7E
17:56:02 interval 30s  active 3  size 100 (x0.5 on 900s)  dead 6 ticks  momentum 3 ticks/20s  gas floor 0.5 STT  1 cycles
17:56:35 pull     slot 0 c08f  rejected: The contract function "cancelQuote" reverted with the following signature:
17:56:37 poke     slot 0 c08f  success  0x8cf735b00f3aa3e9b6321d94ee6d0e18b6dc3fc8875f9a02e384494cd2fc63ea  gas 125918
17:56:40 pull     slot 2 c090  rejected: The contract function "cancelQuote" reverted with the following signature:
17:56:42 poke     slot 2 c090  success  0x26ba10f48ca93c5663470acd03bcf4254d70533916436122be9d7946761598e7  gas 125918
17:56:47 sampled  2 books in 0.4s; second look in 20s
17:57:08 quote    slot 1 ETH-0-29AUG26-2000/tUSDC  theirs 0.682/0.710  ours 0.684/0.708  size 100  escrow 97.60  (mid still, 1 ticks)
17:57:10 quote    slot 1 cf91  success  0x38d11b58c2c402d097edc8ddf89503e13d237f98fbfe0a9ed659faeebe12292d  gas 3390847
17:57:12 cycle 1  NAV 4512.75  idle 4256.25  resting 256.50  share 0.963362
18:11:02 vault    0x2314436ed2BDC44321c74EF43adA14CAE723D352
18:11:02 operator 0x39D2bae5EAedA9283535dDC98F1991c81eD5Cd7E
18:11:02 interval 30s  active 3  size 100 (x0.5 on 900s)  dead 6 ticks  momentum 3 ticks/20s  gas floor 0.5 STT  1 cycles
18:11:34 pull     slot 0 c08f  rejected: The contract function "cancelQuote" reverted with the following signature:
18:11:36 poke     slot 0 c08f  success  0xa137a8d09b1908ddf3099a2e28e71a14fefb838926e7618064f12e45dfcecce3  gas 125918
18:11:40 pull     slot 2 c090  rejected: The contract function "cancelQuote" reverted with the following signature:
18:11:42 poke     slot 2 c090  success  0x0bdbcd4e6756d35936b4ad67c90281f4a5b94ad574dfa8536daca6ab3de60412  gas 125918
18:11:45 cycle 1  NAV 4483.55  idle 4256.25  resting 227.30  share 0.957129
18:26:02 vault    0x2314436ed2BDC44321c74EF43adA14CAE723D352
18:26:02 operator 0x39D2bae5EAedA9283535dDC98F1991c81eD5Cd7E
18:26:02 interval 30s  active 3  size 100 (x0.5 on 900s)  dead 6 ticks  momentum 3 ticks/20s  gas floor 0.5 STT  1 cycles
18:26:35 pull     slot 0 c08f  rejected: The contract function "cancelQuote" reverted with the following signature:
18:26:37 poke     slot 0 c08f  success  0xe037fc0861c408cb95c36e610ad3d058f0489bb2b056a792b7e212325d086906  gas 125918
18:26:39 slot 1: complete set held, book 36 ticks from our mid — flattening
18:26:41 flatten  slot 1 cf91  success  0x23174ba391131bef801b37375071f3f7d2cd4c80b21e3995d21bed3b356433f0  gas 808819
18:26:43 pull     slot 2 c090  rejected: The contract function "cancelQuote" reverted with the following signature:
18:26:46 poke     slot 2 c090  success  0xef77897b6aabd620e3c89eccf8530c0e2ce000aea0665248a6b476ff4a8a67e0  gas 125918
18:26:52 sampled  3 books in 0.3s; second look in 20s
18:27:13 quote    slot 1 BTC-0-29AUG26-1900/tUSDC  theirs 0.400/0.429  ours 0.402/0.426  size 75  escrow 73.20  (mid still, 1 ticks)
18:27:15 quote    slot 1 d0f6  success  0xb1999a0946c2b696cf88e3355494913a19a39ef52f6b82a43a55f4341ffde72d  gas 1194405
18:27:18 arm      19:00:45Z  success  0xc7837c97b3a9d718d117c57bcc1926d427ee89d21775fa1a51e644757ca6b8d8  gas 465755
18:27:19 cycle 1  NAV 4515.15  idle 4283.05  resting 232.10  share 0.963875
18:41:01 vault    0x2314436ed2BDC44321c74EF43adA14CAE723D352
18:41:01 operator 0x39D2bae5EAedA9283535dDC98F1991c81eD5Cd7E
18:41:01 interval 30s  active 3  size 100 (x0.5 on 900s)  dead 6 ticks  momentum 3 ticks/20s  gas floor 0.5 STT  1 cycles
18:41:42 pull     slot 0 c08f  rejected: The contract function "cancelQuote" reverted with the following signature:
18:41:46 poke     slot 0 c08f  success  0x4a70ba11c5b27144847df5c26e6b0ccf433dd604748edd737538663e2ea38bbe  gas 125918
18:41:49 pull     slot 2 c090  rejected: The contract function "cancelQuote" reverted with the following signature:
18:41:52 poke     slot 2 c090  success  0x29cbba2bd703446c0df953b4c4d7158dd5943ccb703528b17f641369e889c698  gas 125918
18:41:59 sampled  4 books in 0.4s; second look in 20s
18:42:20 skip     BTC-0-29AUG26-1900/tUSDC  mid moved 16 ticks in 20s — trending, not quoting
18:42:20 skip     ETH-0-29AUG26-1900/tUSDC  mid moved 5 ticks in 20s — trending, not quoting
18:42:20 skip     ETH-0-29AUG26-2000/tUSDC  mid moved 4 ticks in 20s — trending, not quoting
18:42:20 skip     BTC-0-29AUG26-2000/tUSDC  mid 0.954 — priced as near-certain, no two-sided trade here
18:42:25 cycle 1  NAV 4516.95  idle 4358.05  resting 158.90  share 0.964259
18:56:02 vault    0x2314436ed2BDC44321c74EF43adA14CAE723D352
18:56:02 operator 0x39D2bae5EAedA9283535dDC98F1991c81eD5Cd7E
18:56:02 interval 30s  active 3  size 100 (x0.5 on 900s)  dead 6 ticks  momentum 3 ticks/20s  gas floor 0.5 STT  1 cycles
18:56:41 pull     slot 0 c08f  rejected: The contract function "cancelQuote" reverted with the following signature:
18:56:50 poke     slot 0 c08f  success  0xb74d8a83f5045a4e123ecf7f32b57db4a9fed32869b33fbdae2afd78c5a9fbb0  gas 125918
18:56:53 pull     slot 2 c090  rejected: The contract function "cancelQuote" reverted with the following signature:
18:56:56 poke     slot 2 c090  success  0x88ccf7dae40f4363fa9da2c15081bee28e3761abf0f488c6e9b8e789a8729db7  gas 125918
18:57:03 sampled  2 books in 0.5s; second look in 20s
18:57:24 skip     ETH-0-29AUG26-2000/tUSDC  mid 0.930 — priced as near-certain, no two-sided trade here
18:57:24 skip     BTC-0-29AUG26-2000/tUSDC  mid 0.980 — priced as near-certain, no two-sided trade here
18:57:28 cycle 1  NAV 4516.95  idle 4358.05  resting 158.90  share 0.964259
19:11:02 vault    0x2314436ed2BDC44321c74EF43adA14CAE723D352
19:11:02 operator 0x39D2bae5EAedA9283535dDC98F1991c81eD5Cd7E
19:11:02 interval 30s  active 3  size 100 (x0.5 on 900s)  dead 6 ticks  momentum 3 ticks/20s  gas floor 0.5 STT  1 cycles
19:11:40 pull     slot 0 c08f  rejected: The contract function "cancelQuote" reverted with the following signature:
19:11:42 poke     slot 0 c08f  success  0xfb2eff22067e3d0186451d10959bbcda63a36bd8c60a8c128ef5364fbea75248  gas 125918
19:11:45 pull     slot 2 c090  rejected: The contract function "cancelQuote" reverted with the following signature:
19:11:47 poke     slot 2 c090  success  0xee1f730031f1c333d74087be02b2abfdd40960521b390ac17cda04453e65d9b1  gas 125918
19:11:53 sampled  2 books in 0.3s; second look in 20s
19:12:14 skip     ETH-0-29AUG26-2000-D1A9/tUSDC  mid moved 42 ticks in 20s — trending, not quoting
19:12:14 skip     BTC-0-29AUG26-2000-D1A8/tUSDC  mid moved 33 ticks in 20s — trending, not quoting
19:12:18 cycle 1  NAV 4516.95  idle 4358.05  resting 158.90  share 0.964259
19:26:02 vault    0x2314436ed2BDC44321c74EF43adA14CAE723D352
19:26:02 operator 0x39D2bae5EAedA9283535dDC98F1991c81eD5Cd7E
19:26:02 interval 30s  active 3  size 100 (x0.5 on 900s)  dead 6 ticks  momentum 3 ticks/20s  gas floor 0.5 STT  1 cycles
19:26:35 pull     slot 0 c08f  rejected: The contract function "cancelQuote" reverted with the following signature:
19:26:39 poke     slot 0 c08f  success  0x075394936ddf467dec8b1d22eb36316fe0f0c5d94db150776d2bba01e3fe9a33  gas 125918
19:26:41 pull     slot 2 c090  rejected: The contract function "cancelQuote" reverted with the following signature:
19:26:44 poke     slot 2 c090  success  0x743df8cdbb9b3ae43e14ee38322cce01e2a73c3904a809de316baea747b841d6  gas 125918
19:26:51 sampled  2 books in 0.4s; second look in 20s
19:27:12 skip     ETH-0-29AUG26-2000-D1A9/tUSDC  mid 0.923 — priced as near-certain, no two-sided trade here
19:27:12 skip     BTC-0-29AUG26-2000-D1A8/tUSDC  mid moved 4 ticks in 20s — trending, not quoting
19:27:16 cycle 1  NAV 4516.95  idle 4358.05  resting 158.90  share 0.964259
19:41:02 vault    0x2314436ed2BDC44321c74EF43adA14CAE723D352
19:41:02 operator 0x39D2bae5EAedA9283535dDC98F1991c81eD5Cd7E
19:41:02 interval 30s  active 3  size 100 (x0.5 on 900s)  dead 6 ticks  momentum 3 ticks/20s  gas floor 0.5 STT  1 cycles
19:41:42 pull     slot 0 c08f  rejected: The contract function "cancelQuote" reverted with the following signature:
19:41:45 poke     slot 0 c08f  success  0x18b143b7ad38db91b0cd1c65203b76138b76e8471672ddcbbac83a652023eabf  gas 125918
19:41:48 pull     slot 2 c090  rejected: The contract function "cancelQuote" reverted with the following signature:
19:41:50 poke     slot 2 c090  success  0x15c3e98df7151b8ceff0f1097ce02284b97579fa7c67607f22fd233bccbbc54e  gas 125918
19:41:56 sampled  2 books in 0.4s; second look in 20s
19:42:17 quote    slot 1 ETH-0-29AUG26-2000-D1A9/tUSDC  theirs 0.843/0.867  ours 0.845/0.865  size 75  escrow 73.50  (mid still, 2 ticks)
19:42:19 quote    slot 1 d1a9  success  0x2dc7bef3e01b150afa56c1264322083f4d8d6782cce2671c032b4f456bd63074  gas 594405
19:42:20 cycle 1  NAV 4516.95  idle 4284.55  resting 232.40  share 0.964259
19:56:02 vault    0x2314436ed2BDC44321c74EF43adA14CAE723D352
19:56:02 operator 0x39D2bae5EAedA9283535dDC98F1991c81eD5Cd7E
19:56:02 interval 30s  active 3  size 100 (x0.5 on 900s)  dead 6 ticks  momentum 3 ticks/20s  gas floor 0.5 STT  1 cycles
19:56:42 pull     slot 0 c08f  rejected: The contract function "cancelQuote" reverted with the following signature:
19:56:46 poke     slot 0 c08f  success  0xa79ba331f9bb830ef8084890d838efb8b6d9be9a66abae2d72edb419a96d914d  gas 125918
19:56:48 slot 1: complete set held, book 257 ticks from our mid — flattening
19:56:50 flatten  slot 1 d1a9  success  0x9d78c141992c00c6823065f66123c68f3df5edac32eb369df52bca6c327f3ca6  gas 808819
19:56:52 pull     slot 2 c090  rejected: The contract function "cancelQuote" reverted with the following signature:
19:56:56 poke     slot 2 c090  success  0xd03cd251fda91f6635f068c62d7ad93d1b6f9d8ad21398d4bed65fed65daa306  gas 125918
19:57:04 sampled  0 books in 0.0s; second look in 20s
19:57:08 cycle 1  NAV 4518.45  idle 4359.55  resting 158.90  share 0.964579
20:11:02 vault    0x2314436ed2BDC44321c74EF43adA14CAE723D352
20:11:02 operator 0x39D2bae5EAedA9283535dDC98F1991c81eD5Cd7E
20:11:02 interval 30s  active 3  size 100 (x0.5 on 900s)  dead 6 ticks  momentum 3 ticks/20s  gas floor 0.5 STT  1 cycles
20:11:36 pull     slot 0 c08f  rejected: The contract function "cancelQuote" reverted with the following signature:
20:11:38 poke     slot 0 c08f  success  0xab2248effc99f7ef4ead26153a31dddd438a277a6daa93d17a9a95eabdebb469  gas 125918
20:11:41 pull     slot 2 c090  rejected: The contract function "cancelQuote" reverted with the following signature:
20:11:43 poke     slot 2 c090  success  0x51052ca3959d66cd38fce6e192f2ff1916488287d877446bd9a5572890dfd47a  gas 125918
20:11:50 sampled  4 books in 0.4s; second look in 20s
20:12:11 skip     BTC-0-29AUG26-2100/tUSDC  mid moved 3 ticks in 20s — trending, not quoting
20:12:11 skip     ETH-0-29AUG26-2100/tUSDC  mid moved 5 ticks in 20s — trending, not quoting
20:12:11 quote    slot 1 BTC-0-30AUG26-D25A/tUSDC  theirs 0.557/0.586  ours 0.559/0.583  size 100  escrow 97.60  (mid still, 1 ticks)
20:12:13 quote    slot 1 d25a  success  0x29662ab120db96a96409c83cb88e0cfa58e505c0273248c8262330dd5fdfc710  gas 994405
20:12:16 arm      00:00:45Z  success  0x700a228906358e43e95c19d4195885b76a4a5d6a20a90bf291baf7d611173d56  gas 465755
20:12:17 cycle 1  NAV 4518.45  idle 4261.95  resting 256.50  share 0.964579
20:26:02 vault    0x2314436ed2BDC44321c74EF43adA14CAE723D352
20:26:02 operator 0x39D2bae5EAedA9283535dDC98F1991c81eD5Cd7E
20:26:02 interval 30s  active 3  size 100 (x0.5 on 900s)  dead 6 ticks  momentum 3 ticks/20s  gas floor 0.5 STT  1 cycles
20:26:38 pull     slot 0 c08f  rejected: The contract function "cancelQuote" reverted with the following signature:
20:26:41 poke     slot 0 c08f  success  0x22571e07a86f99dcface2561c532f30bb964f050193a27be0976ed476cacefa6  gas 125918
20:26:42 slot 1: complete set held, book 38 ticks from our mid — flattening
20:26:45 flatten  slot 1 d25a  success  0x4139370878d63e9cab2af6744d54275dd54aacaaf07414b949256948baa76e45  gas 808819
20:26:47 pull     slot 2 c090  rejected: The contract function "cancelQuote" reverted with the following signature:
20:26:49 poke     slot 2 c090  success  0x29190cf963d28dd64aa157a1cdb7e284ab82be9a396e4f8b73bf20f163ba0f57  gas 125918
20:26:54 sampled  3 books in 0.4s; second look in 20s
20:27:15 quote    slot 1 BTC-0-29AUG26-2100/tUSDC  theirs 0.541/0.570  ours 0.543/0.567  size 75  escrow 73.20  (mid still, 0 ticks)
20:27:17 quote    slot 1 d25c  success  0x8fa6dcf1cb89d849ccfc03c9645c36595dfc5b2c12007068e3ae7a19169086ab  gas 2972174
20:27:21 arm      21:00:45Z  success  0x45736ab211eb0cb744e993a2bc728c32302246750e0b385234d4df1e463a4de4  gas 465755
20:27:23 cycle 1  NAV 4520.85  idle 4288.75  resting 232.10  share 0.965091
20:41:02 vault    0x2314436ed2BDC44321c74EF43adA14CAE723D352
20:41:02 operator 0x39D2bae5EAedA9283535dDC98F1991c81eD5Cd7E
20:41:02 interval 30s  active 3  size 100 (x0.5 on 900s)  dead 6 ticks  momentum 3 ticks/20s  gas floor 0.5 STT  1 cycles
20:41:37 pull     slot 0 c08f  rejected: The contract function "cancelQuote" reverted with the following signature:
20:41:39 poke     slot 0 c08f  success  0x277b18c9f54630f9ec24089c1ea850a1609ff1584f0a9fa48887641ead99cf4a  gas 125918
20:41:43 pull     slot 2 c090  rejected: The contract function "cancelQuote" reverted with the following signature:
20:41:46 poke     slot 2 c090  success  0x2b4667ea75cd1e881f2b99fd0d3243fa461e319c8c1d78af1a8874f54b4a790c  gas 125918
20:41:49 cycle 1  NAV 4480.12  idle 4288.75  resting 191.38  share 0.956398
20:56:02 vault    0x2314436ed2BDC44321c74EF43adA14CAE723D352
20:56:02 operator 0x39D2bae5EAedA9283535dDC98F1991c81eD5Cd7E
20:56:02 interval 30s  active 3  size 100 (x0.5 on 900s)  dead 6 ticks  momentum 3 ticks/20s  gas floor 0.5 STT  1 cycles
20:56:34 pull     slot 0 c08f  rejected: The contract function "cancelQuote" reverted with the following signature:
20:56:36 poke     slot 0 c08f  success  0x05808c61184897ae6e5c3752eb25e60ba504ae36f53adcf2a1085affa9ad5eaa  gas 125918
20:56:40 pull     slot 2 c090  rejected: The contract function "cancelQuote" reverted with the following signature:
20:56:42 poke     slot 2 c090  success  0x4d4f35542a12ebc75de00e6cdfba72a472d5f70f2d2ca2d86d2d223ab0a1ddd4  gas 125918
20:56:44 cycle 1  NAV 4480.12  idle 4288.75  resting 191.38  share 0.956398
21:11:02 vault    0x2314436ed2BDC44321c74EF43adA14CAE723D352
21:11:02 operator 0x39D2bae5EAedA9283535dDC98F1991c81eD5Cd7E
21:11:02 interval 30s  active 3  size 100 (x0.5 on 900s)  dead 6 ticks  momentum 3 ticks/20s  gas floor 0.5 STT  1 cycles
21:11:36 pull     slot 0 c08f  rejected: The contract function "cancelQuote" reverted with the following signature:
21:11:38 poke     slot 0 c08f  success  0xddc78e98f23f5f9debd974b7b245a6418097e558e49a132612a0cee9dd31deec  gas 125918
21:11:41 pull     slot 2 c090  rejected: The contract function "cancelQuote" reverted with the following signature:
21:11:43 poke     slot 2 c090  success  0x03ef07b63f040b888188fe5f78d7324d07a6c21fcac3d4287daeebed964af043  gas 125918
21:11:49 sampled  4 books in 0.3s; second look in 20s
21:12:10 skip     ETH-0-29AUG26-2200/tUSDC  mid moved 66 ticks in 20s — trending, not quoting
21:12:10 skip     BTC-0-29AUG26-2200/tUSDC  mid moved 75 ticks in 20s — trending, not quoting
21:12:10 skip     BTC-0-30AUG26-D25A/tUSDC  mid moved 37 ticks in 20s — trending, not quoting
21:12:10 skip     ETH-0-30AUG26-D25B/tUSDC  mid moved 34 ticks in 20s — trending, not quoting
21:12:12 cycle 1  NAV 4480.12  idle 4321.22  resting 158.90  share 0.956398
21:26:02 vault    0x2314436ed2BDC44321c74EF43adA14CAE723D352
21:26:02 operator 0x39D2bae5EAedA9283535dDC98F1991c81eD5Cd7E
21:26:02 interval 30s  active 3  size 100 (x0.5 on 900s)  dead 6 ticks  momentum 3 ticks/20s  gas floor 0.5 STT  1 cycles
21:26:37 pull     slot 0 c08f  rejected: The contract function "cancelQuote" reverted with the following signature:
21:26:40 poke     slot 0 c08f  success  0x847d9168c2c073b243f2a82b4b7e2ab1c0f59a56922e601bdd71b460fdc3561d  gas 125918
21:26:44 pull     slot 2 c090  rejected: The contract function "cancelQuote" reverted with the following signature:
21:26:47 poke     slot 2 c090  success  0x246d36394d1cca791b122aa2324c8b88ff2360e7b15e947213d47f8edb208bf8  gas 125918
21:26:49 cycle 1  NAV 4446.30  idle 4248.02  resting 198.28  share 0.949177
21:41:02 vault    0x2314436ed2BDC44321c74EF43adA14CAE723D352
21:41:02 operator 0x39D2bae5EAedA9283535dDC98F1991c81eD5Cd7E
21:41:02 interval 30s  active 3  size 100 (x0.5 on 900s)  dead 6 ticks  momentum 3 ticks/20s  gas floor 0.5 STT  1 cycles
21:41:37 pull     slot 0 c08f  rejected: The contract function "cancelQuote" reverted with the following signature:
21:41:41 poke     slot 0 c08f  success  0x16d28cc73723915116642b2a7b0142950c8b32bfc878369f908a0a07c44202a2  gas 125918
21:41:45 pull     slot 2 c090  rejected: The contract function "cancelQuote" reverted with the following signature:
21:41:47 poke     slot 2 c090  success  0xbc4dc17a7db85aa87c51c70dd7bec7397b6ec3bb1836d902e6a5349d90ec7e91  gas 125918
21:41:50 cycle 1  NAV 4446.30  idle 4248.02  resting 198.28  share 0.949177
21:56:02 vault    0x2314436ed2BDC44321c74EF43adA14CAE723D352
21:56:02 operator 0x39D2bae5EAedA9283535dDC98F1991c81eD5Cd7E
21:56:02 interval 30s  active 3  size 100 (x0.5 on 900s)  dead 6 ticks  momentum 3 ticks/20s  gas floor 0.5 STT  1 cycles
21:56:37 pull     slot 0 c08f  rejected: The contract function "cancelQuote" reverted with the following signature:
21:56:39 poke     slot 0 c08f  success  0x7e56b080b155e204ef60b07e1b3c8ac8e26cf5be50766070845f289558b6c6bf  gas 125918
21:56:43 pull     slot 2 c090  rejected: The contract function "cancelQuote" reverted with the following signature:
21:56:45 poke     slot 2 c090  success  0x48c5c42fa02116dd4758e7078309c49ae8e5e997fd6227501b90f1a399e8c68a  gas 125918
21:56:48 cycle 1  NAV 4446.30  idle 4248.02  resting 198.28  share 0.949177
22:11:02 vault    0x2314436ed2BDC44321c74EF43adA14CAE723D352
22:11:02 operator 0x39D2bae5EAedA9283535dDC98F1991c81eD5Cd7E
22:11:02 interval 30s  active 3  size 100 (x0.5 on 900s)  dead 6 ticks  momentum 3 ticks/20s  gas floor 0.5 STT  1 cycles
22:11:37 pull     slot 0 c08f  rejected: The contract function "cancelQuote" reverted with the following signature:
22:11:40 poke     slot 0 c08f  success  0x386fd2b78404d78270fd18396db0fb524cd55045d34c47a59a106eb42f76cc73  gas 125918
22:11:43 pull     slot 2 c090  rejected: The contract function "cancelQuote" reverted with the following signature:
22:11:47 poke     slot 2 c090  success  0x1c9cc316b48cdb9356ad26a824830fd194ec1cef30752905b5f384e1e705d47b  gas 125918
22:11:52 sampled  4 books in 0.3s; second look in 20s
22:12:13 skip     ETH-0-29AUG26-2300/tUSDC  mid moved 42 ticks in 20s — trending, not quoting
22:12:13 quote    slot 1 BTC-0-29AUG26-2300/tUSDC  theirs 0.675/0.702  ours 0.677/0.699  size 75  escrow 73.35  (mid still, 2 ticks)
22:12:17 quote    slot 1 d3c0  success  0xb29e1e074c4c2fafa09314041b6e344299110e16c6782359cbaba7c059351f50  gas 5997440
22:12:21 arm      23:00:45Z  success  0x9768ce0e991eef3ecc11eb2a264b7bdaf2b4cd87d335c2d3344191527d21c412  gas 465755
22:12:22 cycle 1  NAV 4446.30  idle 4214.05  resting 232.25  share 0.949177
22:26:06 vault    0x2314436ed2BDC44321c74EF43adA14CAE723D352
22:26:06 operator 0x39D2bae5EAedA9283535dDC98F1991c81eD5Cd7E
22:26:06 interval 30s  active 3  size 100 (x0.5 on 900s)  dead 6 ticks  momentum 3 ticks/20s  gas floor 0.5 STT  1 cycles
22:26:41 pull     slot 0 c08f  rejected: The contract function "cancelQuote" reverted with the following signature:
22:26:43 poke     slot 0 c08f  success  0x7cc289eda88d23242c38686aaa2d763788c22913f36f019485288fa34b8a9807  gas 125918
22:26:48 pull     slot 2 c090  rejected: The contract function "cancelQuote" reverted with the following signature:
22:26:50 poke     slot 2 c090  success  0xf97454182384bfbfdff6b35cd182378db486f65b4be4f85a2176e000a5742d34  gas 125918
22:26:52 cycle 1  NAV 4395.52  idle 4214.05  resting 181.47  share 0.938338
22:41:02 vault    0x2314436ed2BDC44321c74EF43adA14CAE723D352
22:41:02 operator 0x39D2bae5EAedA9283535dDC98F1991c81eD5Cd7E
22:41:02 interval 30s  active 3  size 100 (x0.5 on 900s)  dead 6 ticks  momentum 3 ticks/20s  gas floor 0.5 STT  1 cycles
22:41:36 pull     slot 0 c08f  rejected: The contract function "cancelQuote" reverted with the following signature:
22:41:40 poke     slot 0 c08f  success  0x7c0b731d3ee4df6ad2e64fc3e26e3751ebf9644f8b1630cecc2aa717661ec500  gas 125918
22:41:44 pull     slot 2 c090  rejected: The contract function "cancelQuote" reverted with the following signature:
22:41:47 poke     slot 2 c090  success  0x71299f55cb2e1ca4ae571c95b7acdf1ed953e5454cefa3c35d0814843f040678  gas 125918
22:41:50 cycle 1  NAV 4395.52  idle 4214.05  resting 181.47  share 0.938338
22:56:02 vault    0x2314436ed2BDC44321c74EF43adA14CAE723D352
22:56:02 operator 0x39D2bae5EAedA9283535dDC98F1991c81eD5Cd7E
22:56:02 interval 30s  active 3  size 100 (x0.5 on 900s)  dead 6 ticks  momentum 3 ticks/20s  gas floor 0.5 STT  1 cycles
22:56:36 pull     slot 0 c08f  rejected: The contract function "cancelQuote" reverted with the following signature:
22:56:39 poke     slot 0 c08f  success  0x48cd574d6a71e0722dd115eb92fb5c889ffdabad3461546958a7e8a0e07baba0  gas 125918
22:56:44 pull     slot 2 c090  rejected: The contract function "cancelQuote" reverted with the following signature:
22:56:47 poke     slot 2 c090  success  0x9ff3de97197d3b917733b3c1ed58ed2f3b270fffefd180110d6c7439dcc44525  gas 125918
22:56:50 cycle 1  NAV 4447.95  idle 4214.05  resting 158.90  share 0.949529
23:11:02 vault    0x2314436ed2BDC44321c74EF43adA14CAE723D352
23:11:02 operator 0x39D2bae5EAedA9283535dDC98F1991c81eD5Cd7E
23:11:02 interval 30s  active 3  size 100 (x0.5 on 900s)  dead 6 ticks  momentum 3 ticks/20s  gas floor 0.5 STT  1 cycles
23:11:40 pull     slot 0 c08f  rejected: The contract function "cancelQuote" reverted with the following signature:
23:11:42 poke     slot 0 c08f  success  0xdfbcb1f6b6904149e15fcdd090e50c4caa359eca79cbfa6927701475eacdd01e  gas 125918
23:11:45 pull     slot 2 c090  rejected: The contract function "cancelQuote" reverted with the following signature:
23:11:47 poke     slot 2 c090  success  0x260ebf8157a0f83c07011d812ae64b9d7d076919e56c664d3d2c8fcbf0aa1d28  gas 125918
23:11:52 sampled  2 books in 0.4s; second look in 20s
23:12:13 skip     ETH-0-30AUG26-D473/tUSDC  mid moved 19 ticks in 20s — trending, not quoting
23:12:13 skip     BTC-0-30AUG26-D472/tUSDC  mid moved 41 ticks in 20s — trending, not quoting
23:12:17 cycle 1  NAV 4447.95  idle 4289.05  resting 158.90  share 0.949529
23:26:02 vault    0x2314436ed2BDC44321c74EF43adA14CAE723D352
23:26:02 operator 0x39D2bae5EAedA9283535dDC98F1991c81eD5Cd7E
23:26:02 interval 30s  active 3  size 100 (x0.5 on 900s)  dead 6 ticks  momentum 3 ticks/20s  gas floor 0.5 STT  1 cycles
23:26:40 pull     slot 0 c08f  rejected: The contract function "cancelQuote" reverted with the following signature:
23:26:42 poke     slot 0 c08f  success  0xa173fe1603c5175cbe59b7f2d7c6d77e655070bf5bf34a7a88c003f3d69c96c7  gas 125918
23:26:44 pull     slot 2 c090  rejected: The contract function "cancelQuote" reverted with the following signature:
23:26:47 poke     slot 2 c090  success  0xc032dff48b94f2c6037feaf31e02957c8482b1a30ead2903b05bf8e9b104d84b  gas 125918
23:26:54 sampled  2 books in 0.4s; second look in 20s
23:27:15 skip     ETH-0-30AUG26-D473/tUSDC  mid moved 72 ticks in 20s — trending, not quoting
23:27:15 skip     BTC-0-30AUG26-D472/tUSDC  mid moved 115 ticks in 20s — trending, not quoting
23:27:18 cycle 1  NAV 4447.95  idle 4289.05  resting 158.90  share 0.949529
23:41:02 vault    0x2314436ed2BDC44321c74EF43adA14CAE723D352
23:41:02 operator 0x39D2bae5EAedA9283535dDC98F1991c81eD5Cd7E
23:41:02 interval 30s  active 3  size 100 (x0.5 on 900s)  dead 6 ticks  momentum 3 ticks/20s  gas floor 0.5 STT  1 cycles
23:41:40 pull     slot 0 c08f  rejected: The contract function "cancelQuote" reverted with the following signature:
23:41:44 poke     slot 0 c08f  success  0x908b070293bbb0748f9a5e551599826bae8b5f0af1bd8a848525c77da691b111  gas 125918
23:41:46 pull     slot 2 c090  rejected: The contract function "cancelQuote" reverted with the following signature:
23:41:48 poke     slot 2 c090  success  0x8cfc529d141d280b23ffe64ca5bad4c78ab7621fb4c9bc8642f242f820dcfa0a  gas 125918
23:41:56 sampled  2 books in 0.3s; second look in 20s
23:42:17 skip     ETH-0-30AUG26-D473/tUSDC  mid 0.962 — priced as near-certain, no two-sided trade here
23:42:17 skip     BTC-0-30AUG26-D472/tUSDC  mid moved 67 ticks in 20s — trending, not quoting
23:42:21 cycle 1  NAV 4447.95  idle 4289.05  resting 158.90  share 0.949529
23:56:02 vault    0x2314436ed2BDC44321c74EF43adA14CAE723D352
23:56:02 operator 0x39D2bae5EAedA9283535dDC98F1991c81eD5Cd7E
23:56:02 interval 30s  active 3  size 100 (x0.5 on 900s)  dead 6 ticks  momentum 3 ticks/20s  gas floor 0.5 STT  1 cycles
23:56:40 pull     slot 0 c08f  rejected: The contract function "cancelQuote" reverted with the following signature:
23:56:42 poke     slot 0 c08f  success  0xad68db64591de07f0462ab50b38cead253dc07c9fe2040a09faffbb7c9491aad  gas 125918
23:56:45 pull     slot 2 c090  rejected: The contract function "cancelQuote" reverted with the following signature:
23:56:47 poke     slot 2 c090  success  0xbdf53b9c1a11fcf3f0c2763e28559e0bdbb95530d700b9d1a15dcf801357d00f  gas 125918
23:56:52 sampled  0 books in 0.0s; second look in 20s
23:56:56 cycle 1  NAV 4447.95  idle 4289.05  resting 158.90  share 0.949529
00:11:02 vault    0x2314436ed2BDC44321c74EF43adA14CAE723D352
00:11:02 operator 0x39D2bae5EAedA9283535dDC98F1991c81eD5Cd7E
00:11:02 interval 30s  active 3  size 100 (x0.5 on 900s)  dead 6 ticks  momentum 3 ticks/20s  gas floor 0.5 STT  1 cycles
00:11:36 pull     slot 0 c08f  rejected: The contract function "cancelQuote" reverted with the following signature:
00:11:38 poke     slot 0 c08f  success  0x97cf22681c4ba2bd4ad54301aa4040521b782ccf839606b49dcc8fe5ef74b7f3  gas 125918
00:11:41 pull     slot 2 c090  rejected: The contract function "cancelQuote" reverted with the following signature:
00:11:43 poke     slot 2 c090  success  0xcada13f6e8980e14930589a6e586f2acee3291bc56fd215f100b810f00b79647  gas 125918
00:11:48 sampled  4 books in 0.4s; second look in 20s
00:12:09 skip     ETH-0-30AUG26-0100/tUSDC  mid moved 76 ticks in 20s — trending, not quoting
00:12:09 skip     BTC-0-30AUG26-0100/tUSDC  mid moved 15 ticks in 20s — trending, not quoting
00:12:09 skip     BTC-0-30AUG26-0400/tUSDC  mid moved 15 ticks in 20s — trending, not quoting
00:12:09 skip     ETH-0-30AUG26-0400/tUSDC  mid moved 48 ticks in 20s — trending, not quoting
00:12:12 cycle 1  NAV 4447.95  idle 4289.05  resting 158.90  share 0.949529
00:26:02 vault    0x2314436ed2BDC44321c74EF43adA14CAE723D352
00:26:02 operator 0x39D2bae5EAedA9283535dDC98F1991c81eD5Cd7E
00:26:02 interval 30s  active 3  size 100 (x0.5 on 900s)  dead 6 ticks  momentum 3 ticks/20s  gas floor 0.5 STT  1 cycles
00:26:38 pull     slot 0 c08f  rejected: The contract function "cancelQuote" reverted with the following signature:
00:26:40 poke     slot 0 c08f  success  0xfc7013da9c96641b9daead6d730836555357e1ad0c9c3ecf29decfef95677072  gas 125918
00:26:42 pull     slot 2 c090  rejected: The contract function "cancelQuote" reverted with the following signature:
00:26:46 poke     slot 2 c090  success  0xca0a51a7e83b1df0f4f30c20ab761e918359e273f589dab853a1b7678d106352  gas 125918
00:26:50 sampled  4 books in 0.4s; second look in 20s
00:27:11 skip     ETH-0-30AUG26-0100/tUSDC  mid moved 4 ticks in 20s — trending, not quoting
00:27:11 quote    slot 1 BTC-0-30AUG26-0100/tUSDC  theirs 0.410/0.439  ours 0.412/0.436  size 75  escrow 73.20  (mid still, 1 ticks)
00:27:13 quote    slot 1 d528  success  0x46446e3175ed1f3c92c1f34a2e91d5b2fa231a517a411df97ebfde2b67d868f2  gas 2994405
00:27:16 arm      01:00:45Z  success  0x2f74f0ce23b6618949b9b90a868b3a754af119db796f844fd5f3cf7a0799bfbb  gas 465755
00:27:16 cycle 1  NAV 4447.95  idle 4215.85  resting 232.10  share 0.949529
00:41:02 vault    0x2314436ed2BDC44321c74EF43adA14CAE723D352
00:41:02 operator 0x39D2bae5EAedA9283535dDC98F1991c81eD5Cd7E
00:41:02 interval 30s  active 3  size 100 (x0.5 on 900s)  dead 6 ticks  momentum 3 ticks/20s  gas floor 0.5 STT  1 cycles
00:41:36 pull     slot 0 c08f  rejected: The contract function "cancelQuote" reverted with the following signature:
00:41:38 poke     slot 0 c08f  success  0x4378ff2b6da4b6a4d3f4c5aa0d1c500cd7db563f78de2c707ff541466c0e1e23  gas 125918
00:41:39 slot 1: complete set held, book 132 ticks from our mid — flattening
00:41:42 flatten  slot 1 d528  success  0x9ee4aa0efa35453c75f8fc2d87c390a306153e0be4aad0267b7c7b3b79a1490e  gas 808819
00:41:44 pull     slot 2 c090  rejected: The contract function "cancelQuote" reverted with the following signature:
00:41:46 poke     slot 2 c090  success  0x5cbde26ba688e783f49dc66347faeffd361a7db6359d8f4b112335b1f7eaded4  gas 125918
00:41:51 sampled  3 books in 0.4s; second look in 20s
00:42:12 skip     ETH-0-30AUG26-0100/tUSDC  mid 0.923 — priced as near-certain, no two-sided trade here
00:42:12 skip     BTC-0-30AUG26-0400/tUSDC  mid moved 23 ticks in 20s — trending, not quoting
00:42:12 skip     ETH-0-30AUG26-0400/tUSDC  mid moved 18 ticks in 20s — trending, not quoting
00:42:16 cycle 1  NAV 4449.75  idle 4290.85  resting 158.90  share 0.949913
00:56:02 vault    0x2314436ed2BDC44321c74EF43adA14CAE723D352
00:56:02 operator 0x39D2bae5EAedA9283535dDC98F1991c81eD5Cd7E
00:56:02 interval 30s  active 3  size 100 (x0.5 on 900s)  dead 6 ticks  momentum 3 ticks/20s  gas floor 0.5 STT  1 cycles
00:56:38 pull     slot 0 c08f  rejected: The contract function "cancelQuote" reverted with the following signature:
00:56:40 poke     slot 0 c08f  success  0x7a0d52ac0523f197fa427daa6c09d0578cdbd15d8962580d82954b6a8c1c9aac  gas 125918
00:56:43 pull     slot 2 c090  rejected: The contract function "cancelQuote" reverted with the following signature:
00:56:46 poke     slot 2 c090  success  0x4fe47303faf20cdd0ab0f4681154d9db5683281de7ef26704242752e4f10f7e2  gas 125918
00:56:52 sampled  2 books in 0.4s; second look in 20s
00:57:13 skip     ETH-0-30AUG26-0400/tUSDC  mid moved 5 ticks in 20s — trending, not quoting
00:57:13 quote    slot 1 BTC-0-30AUG26-0400/tUSDC  theirs 0.391/0.420  ours 0.393/0.417  size 100  escrow 97.60  (mid still, 1 ticks)
00:57:15 quote    slot 1 d526  success  0x57c19dda95c7f2f0227b7627fa60d5c51bed25d58d66c5de021a47c9edd80566  gas 3590847
00:57:22 arm      04:00:45Z  success  0x22ee8f09f9888d1ec5553ad87382697bb9c7444909e881b99d64fc4d07ff3c38  gas 465755
00:57:23 cycle 1  NAV 4449.75  idle 4193.25  resting 256.50  share 0.949913
01:11:02 vault    0x2314436ed2BDC44321c74EF43adA14CAE723D352
01:11:02 operator 0x39D2bae5EAedA9283535dDC98F1991c81eD5Cd7E
01:11:02 interval 30s  active 3  size 100 (x0.5 on 900s)  dead 6 ticks  momentum 3 ticks/20s  gas floor 0.5 STT  1 cycles
01:11:36 pull     slot 0 c08f  rejected: The contract function "cancelQuote" reverted with the following signature:
01:11:39 poke     slot 0 c08f  success  0xe41db34df5e55a1f4a92af52a2c8ec86e2ff3a2334cd9d96e9e081c2a616fcfb  gas 125918
01:11:43 pull     slot 2 c090  rejected: The contract function "cancelQuote" reverted with the following signature:
01:11:45 poke     slot 2 c090  success  0x1f3e9dd9c0f4a803ea69c404e5b9d2eceb45a0f3bdf6a27193b5376c6cc52f71  gas 125918
01:11:48 cycle 1  NAV 4410.45  idle 4193.25  resting 217.20  share 0.941524
01:26:02 vault    0x2314436ed2BDC44321c74EF43adA14CAE723D352
01:26:02 operator 0x39D2bae5EAedA9283535dDC98F1991c81eD5Cd7E
01:26:02 interval 30s  active 3  size 100 (x0.5 on 900s)  dead 6 ticks  momentum 3 ticks/20s  gas floor 0.5 STT  1 cycles
01:26:37 pull     slot 0 c08f  rejected: The contract function "cancelQuote" reverted with the following signature:
01:26:40 poke     slot 0 c08f  success  0x73149e8d8434d4f8ce1d8b7e428478e8bb37c8b2e2f99bf9139fed6b30ac0590  gas 125918
01:26:44 pull     slot 2 c090  rejected: The contract function "cancelQuote" reverted with the following signature:
01:26:47 poke     slot 2 c090  success  0x67e18c9d0ea1e72fdef1cae05ae354828076953b5f0ca117591fd26dcfd5f09a  gas 125918
01:26:50 cycle 1  NAV 4410.45  idle 4193.25  resting 217.20  share 0.941524
01:41:02 vault    0x2314436ed2BDC44321c74EF43adA14CAE723D352
01:41:02 operator 0x39D2bae5EAedA9283535dDC98F1991c81eD5Cd7E
01:41:02 interval 30s  active 3  size 100 (x0.5 on 900s)  dead 6 ticks  momentum 3 ticks/20s  gas floor 0.5 STT  1 cycles
01:41:37 pull     slot 0 c08f  rejected: The contract function "cancelQuote" reverted with the following signature:
01:41:39 poke     slot 0 c08f  success  0x80e3b8c33c14a0cb0ebb12fedf548da5a7bfe1fea08d6121adb3aad048fde838  gas 125918
01:41:43 pull     slot 2 c090  rejected: The contract function "cancelQuote" reverted with the following signature:
01:41:45 poke     slot 2 c090  success  0x66639fd52beb01759e3fbffcc5c9f5738ef1f7b814f14aa1a41d73d7c24d57b2  gas 125918
01:41:47 cycle 1  NAV 4410.45  idle 4193.25  resting 217.20  share 0.941524
01:56:02 vault    0x2314436ed2BDC44321c74EF43adA14CAE723D352
01:56:02 operator 0x39D2bae5EAedA9283535dDC98F1991c81eD5Cd7E
01:56:02 interval 30s  active 3  size 100 (x0.5 on 900s)  dead 6 ticks  momentum 3 ticks/20s  gas floor 0.5 STT  1 cycles
01:56:36 pull     slot 0 c08f  rejected: The contract function "cancelQuote" reverted with the following signature:
01:56:38 poke     slot 0 c08f  success  0xa6b845b066c36dfb52aaa7ad0a1660558591c92a354a0416ca5b0c9125d85a39  gas 125918
01:56:42 pull     slot 2 c090  rejected: The contract function "cancelQuote" reverted with the following signature:
01:56:44 poke     slot 2 c090  success  0x1cd98ee89e4d0257852c33bc44a7d19e08ea24e5cc2a17d24c0f313269fcce51  gas 125918
01:56:46 cycle 1  NAV 4410.45  idle 4193.25  resting 217.20  share 0.941524
02:11:02 vault    0x2314436ed2BDC44321c74EF43adA14CAE723D352
02:11:02 operator 0x39D2bae5EAedA9283535dDC98F1991c81eD5Cd7E
02:11:02 interval 30s  active 3  size 100 (x0.5 on 900s)  dead 6 ticks  momentum 3 ticks/20s  gas floor 0.5 STT  1 cycles
02:11:38 pull     slot 0 c08f  rejected: The contract function "cancelQuote" reverted with the following signature:
02:11:40 poke     slot 0 c08f  success  0x640b57990737021fbf9b58d32807bb4b51acd3fc986317bfc9629088079973a0  gas 125918
02:11:45 pull     slot 2 c090  rejected: The contract function "cancelQuote" reverted with the following signature:
02:11:47 poke     slot 2 c090  success  0xb154d81018f7c103aa682731a3d99801faac575d59a044ee7f7952a60bc856f9  gas 125918
02:11:49 cycle 1  NAV 4410.45  idle 4193.25  resting 217.20  share 0.941524
02:26:02 vault    0x2314436ed2BDC44321c74EF43adA14CAE723D352
02:26:02 operator 0x39D2bae5EAedA9283535dDC98F1991c81eD5Cd7E
02:26:02 interval 30s  active 3  size 100 (x0.5 on 900s)  dead 6 ticks  momentum 3 ticks/20s  gas floor 0.5 STT  1 cycles
02:26:36 pull     slot 0 c08f  rejected: The contract function "cancelQuote" reverted with the following signature:
02:26:38 poke     slot 0 c08f  success  0x9fb9d7c1f3c5c470874c2f373fe698a46a96f992253a6a960c93955ee3934b30  gas 125918
02:26:42 pull     slot 2 c090  rejected: The contract function "cancelQuote" reverted with the following signature:
02:26:44 poke     slot 2 c090  success  0x5d53c00dca914d716cb0b932bcc24161760d9e86f8d4fb72d6353971af1a9f2d  gas 125918
02:26:47 cycle 1  NAV 4410.45  idle 4193.25  resting 217.20  share 0.941524
02:41:10 vault    0x2314436ed2BDC44321c74EF43adA14CAE723D352
02:41:10 operator 0x39D2bae5EAedA9283535dDC98F1991c81eD5Cd7E
02:41:10 interval 30s  active 3  size 100 (x0.5 on 900s)  dead 6 ticks  momentum 3 ticks/20s  gas floor 0.5 STT  1 cycles
02:41:47 pull     slot 0 c08f  rejected: The contract function "cancelQuote" reverted with the following signature:
02:41:49 poke     slot 0 c08f  success  0x3f160bd8e19473c9f80acb0bb43b58005771f7ee057e3285cfd2792d6fc421f9  gas 125918
02:41:53 pull     slot 2 c090  rejected: The contract function "cancelQuote" reverted with the following signature:
02:41:55 poke     slot 2 c090  success  0x60a79ca89ba62c8dd3e4383c0ec4f72299178fbfc69422398e9a630c5a79e97b  gas 125918
02:41:57 cycle 1  NAV 4410.45  idle 4193.25  resting 217.20  share 0.941524
02:56:02 vault    0x2314436ed2BDC44321c74EF43adA14CAE723D352
02:56:02 operator 0x39D2bae5EAedA9283535dDC98F1991c81eD5Cd7E
02:56:02 interval 30s  active 3  size 100 (x0.5 on 900s)  dead 6 ticks  momentum 3 ticks/20s  gas floor 0.5 STT  1 cycles
02:56:42 pull     slot 0 c08f  rejected: The contract function "cancelQuote" reverted with the following signature:
02:56:44 poke     slot 0 c08f  success  0xc9cc6545e0d6fba3a3492d9e49756d99b89104d46c80ec8bb1bc522f68d831dc  gas 125918
02:56:49 pull     slot 2 c090  rejected: The contract function "cancelQuote" reverted with the following signature:
02:56:51 poke     slot 2 c090  success  0xf8b4726789756f00c46771f00b71812ab12db5ad189617f791d3779f5d600b6c  gas 125918
02:56:54 cycle 1  NAV 4410.45  idle 4193.25  resting 217.20  share 0.941524
03:11:02 vault    0x2314436ed2BDC44321c74EF43adA14CAE723D352
03:11:02 operator 0x39D2bae5EAedA9283535dDC98F1991c81eD5Cd7E
03:11:02 interval 30s  active 3  size 100 (x0.5 on 900s)  dead 6 ticks  momentum 3 ticks/20s  gas floor 0.5 STT  1 cycles
03:11:44 pull     slot 0 c08f  rejected: The contract function "cancelQuote" reverted with the following signature:
03:11:49 poke     slot 0 c08f  success  0xde3e6870bc0aec7fed0405c66745a9fcc3b834f08a47f3f0ae530ba43e717550  gas 125918
03:11:53 pull     slot 2 c090  rejected: The contract function "cancelQuote" reverted with the following signature:
03:11:55 poke     slot 2 c090  success  0x986c9f54f83c33c2eee8f4cd9eb2953161c2469a03186c729ad4e14eb6824b23  gas 125918
03:11:59 cycle 1  NAV 4410.45  idle 4193.25  resting 217.20  share 0.941524
03:26:02 vault    0x2314436ed2BDC44321c74EF43adA14CAE723D352
03:26:02 operator 0x39D2bae5EAedA9283535dDC98F1991c81eD5Cd7E
03:26:02 interval 30s  active 3  size 100 (x0.5 on 900s)  dead 6 ticks  momentum 3 ticks/20s  gas floor 0.5 STT  1 cycles
03:26:36 pull     slot 0 c08f  rejected: The contract function "cancelQuote" reverted with the following signature:
03:26:38 poke     slot 0 c08f  success  0xa933b43dcb90de40bd9ccbd6a40f3df89d3cd982ef7e6afe728c1dc495e303fa  gas 125918
03:26:43 pull     slot 2 c090  rejected: The contract function "cancelQuote" reverted with the following signature:
03:26:45 poke     slot 2 c090  success  0x43e251b44fc9bd688fb287fdfba81b3cfde63466e8a2ecd9774bf079d34dc900  gas 125918
03:26:48 cycle 1  NAV 4410.45  idle 4193.25  resting 217.20  share 0.941524
03:41:02 vault    0x2314436ed2BDC44321c74EF43adA14CAE723D352
03:41:02 operator 0x39D2bae5EAedA9283535dDC98F1991c81eD5Cd7E
03:41:02 interval 30s  active 3  size 100 (x0.5 on 900s)  dead 6 ticks  momentum 3 ticks/20s  gas floor 0.5 STT  1 cycles
03:41:35 pull     slot 0 c08f  rejected: The contract function "cancelQuote" reverted with the following signature:
03:41:38 poke     slot 0 c08f  success  0xcd30f4cd510a7d179322dd70cec529c1df68a331a4c09ee13fdf175fb0eeb8b7  gas 125918
03:41:40 slot 1: complete set held, book 150 ticks from our mid — flattening
03:41:43 flatten  slot 1 d526  success  0xcbe38b9bd5ea584af5451ea0a55d1515b820b49600cdd7cfdf645237256f87a0  gas 808819
03:41:46 pull     slot 2 c090  rejected: The contract function "cancelQuote" reverted with the following signature:
03:41:49 poke     slot 2 c090  success  0x8bb9e6e053ca55e9f0def7d33d71a6d49af7b749cd9b7642ceae5296ca289be7  gas 125918
03:41:53 sampled  2 books in 0.3s; second look in 20s
03:42:14 skip     ETH-0-30AUG26-0400-D73F/tUSDC  mid 0.980 — priced as near-certain, no two-sided trade here
03:42:14 skip     BTC-0-30AUG26-0400-D73E/tUSDC  mid 0.932 — priced as near-certain, no two-sided trade here
03:42:18 cycle 1  NAV 4452.15  idle 4293.25  resting 158.90  share 0.950426
03:56:02 vault    0x2314436ed2BDC44321c74EF43adA14CAE723D352
03:56:02 operator 0x39D2bae5EAedA9283535dDC98F1991c81eD5Cd7E
03:56:02 interval 30s  active 3  size 100 (x0.5 on 900s)  dead 6 ticks  momentum 3 ticks/20s  gas floor 0.5 STT  1 cycles
03:56:38 pull     slot 0 c08f  rejected: The contract function "cancelQuote" reverted with the following signature:
03:56:40 poke     slot 0 c08f  success  0xc713a30b633b9d42f8356d333d22b1a185ac8d3211cffdc263f7c7c2eda03796  gas 125918
03:56:43 pull     slot 2 c090  rejected: The contract function "cancelQuote" reverted with the following signature:
03:56:45 poke     slot 2 c090  success  0x0247d60b04ad4e919ef30e6f3f377a0beebed3548681ba2447611b8763be8dc9  gas 125918
03:56:50 sampled  0 books in 0.0s; second look in 20s
03:56:54 cycle 1  NAV 4452.15  idle 4293.25  resting 158.90  share 0.950426
14:11:09 vault    0x2314436ed2BDC44321c74EF43adA14CAE723D352
14:11:09 operator 0x39D2bae5EAedA9283535dDC98F1991c81eD5Cd7E
14:11:09 interval 30s  active 3  size 100 (x0.5 on 900s)  dead 6 ticks  momentum 3 ticks/20s  gas floor 0.5 STT  1 cycles
14:11:45 pull     slot 0 c08f  rejected: The contract function "cancelQuote" reverted with the following signature:
14:11:47 poke     slot 0 c08f  success  0x92067e749447ff02f612973f11c2f3050a50710078087669ba9d09b23e7c93bc  gas 125918
14:11:50 pull     slot 2 c090  rejected: The contract function "cancelQuote" reverted with the following signature:
14:11:52 poke     slot 2 c090  success  0x6f8f71f5983a7b4e3a23ea7ed7f07149a9d4d7d3082708124a431a48e30adb73  gas 125918
14:11:56 sampled  4 books in 0.3s; second look in 20s
14:12:17 skip     ETH-0-30AUG26-1500/tUSDC  mid moved 6 ticks in 20s — trending, not quoting
14:12:17 skip     BTC-0-30AUG26-1500/tUSDC  mid moved 38 ticks in 20s — trending, not quoting
14:12:17 skip     BTC-0-30AUG26-1600/tUSDC  mid 0.986 — priced as near-certain, no two-sided trade here
14:12:17 quote    slot 1 ETH-0-30AUG26-1600/tUSDC  theirs 0.902/0.924  ours 0.904/0.922  size 100  escrow 98.20  (mid still, 2 ticks)
14:12:19 quote    slot 1 dd85  success  0x6fe2ed0242e2baa0efa28c211b4f3ce0be0bc82fe00cf750fcdfedc43fdf4d0f  gas 594405
14:12:22 arm      16:00:45Z  success  0x2cb591e4f9cb75c9e8605e0c8167b5c310979a167ddf5de4e5e72bf912b7ae44  gas 465755
14:12:23 cycle 1  NAV 4442.62  idle 4185.52  resting 257.10  share 0.948392
14:26:09 vault    0x2314436ed2BDC44321c74EF43adA14CAE723D352
14:26:09 operator 0x39D2bae5EAedA9283535dDC98F1991c81eD5Cd7E
14:26:09 interval 30s  active 3  size 100 (x0.5 on 900s)  dead 6 ticks  momentum 3 ticks/20s  gas floor 0.5 STT  1 cycles
14:26:44 pull     slot 0 c08f  rejected: The contract function "cancelQuote" reverted with the following signature:
14:26:47 poke     slot 0 c08f  success  0x81af8b5fb458251ac580bde03ac924d94ab1fef40fb4483e919b5ae75cb3823a  gas 125918
14:26:51 pull     slot 2 c090  rejected: The contract function "cancelQuote" reverted with the following signature:
14:26:53 poke     slot 2 c090  success  0x2a0dd59551ed5d5c59578d90a8b6c488aba2922bef4dba84ed166313dc3fed77  gas 125918
14:26:56 cycle 1  NAV 4434.82  idle 4185.52  resting 249.30  share 0.946727
14:41:01 vault    0x2314436ed2BDC44321c74EF43adA14CAE723D352
14:41:01 operator 0x39D2bae5EAedA9283535dDC98F1991c81eD5Cd7E
14:41:01 interval 30s  active 3  size 100 (x0.5 on 900s)  dead 6 ticks  momentum 3 ticks/20s  gas floor 0.5 STT  1 cycles
14:41:37 pull     slot 0 c08f  rejected: The contract function "cancelQuote" reverted with the following signature:
14:41:39 poke     slot 0 c08f  success  0xc47de14593ac608d5a3ed22b066176904b1609be02f29a46a9433c6b22541f1f  gas 125918
14:41:44 pull     slot 2 c090  rejected: The contract function "cancelQuote" reverted with the following signature:
14:41:47 poke     slot 2 c090  success  0xd6ac421b56df4cfae0016f60eafd217cf7745962b1427101b299698d435a7ea4  gas 125918
14:41:49 cycle 1  NAV 4434.82  idle 4185.52  resting 249.30  share 0.946727
14:56:01 vault    0x2314436ed2BDC44321c74EF43adA14CAE723D352
14:56:01 operator 0x39D2bae5EAedA9283535dDC98F1991c81eD5Cd7E
14:56:01 interval 30s  active 3  size 100 (x0.5 on 900s)  dead 6 ticks  momentum 3 ticks/20s  gas floor 0.5 STT  1 cycles
14:56:36 pull     slot 0 c08f  rejected: The contract function "cancelQuote" reverted with the following signature:
14:56:38 poke     slot 0 c08f  success  0x57bf26d29b14f378c32b94243abcf8c3ae61e576e8b156de573813c196e4a914  gas 125918
14:56:42 pull     slot 2 c090  rejected: The contract function "cancelQuote" reverted with the following signature:
14:56:44 poke     slot 2 c090  success  0xb6d1a7604779a8d744aa4d99edcbd6c2c1544c2ae5a2e2a65ba786107c5d778b  gas 125918
14:56:47 cycle 1  NAV 4434.82  idle 4185.52  resting 249.30  share 0.946727
15:11:01 vault    0x2314436ed2BDC44321c74EF43adA14CAE723D352
15:11:01 operator 0x39D2bae5EAedA9283535dDC98F1991c81eD5Cd7E
15:11:01 interval 30s  active 3  size 100 (x0.5 on 900s)  dead 6 ticks  momentum 3 ticks/20s  gas floor 0.5 STT  1 cycles
15:11:35 pull     slot 0 c08f  rejected: The contract function "cancelQuote" reverted with the following signature:
15:11:37 poke     slot 0 c08f  success  0xd052373ee7354514aad9f9574d44735e2ccc20fc4c22afab32662c61952d9887  gas 125918
15:11:41 pull     slot 2 c090  rejected: The contract function "cancelQuote" reverted with the following signature:
15:11:43 poke     slot 2 c090  success  0x7626226676a68e6a1af7086926a40189de9fe275a1f19f5705d1853ac0148e3f  gas 125918
15:11:46 cycle 1  NAV 4434.82  idle 4185.52  resting 249.30  share 0.946727
15:26:01 vault    0x2314436ed2BDC44321c74EF43adA14CAE723D352
15:26:01 operator 0x39D2bae5EAedA9283535dDC98F1991c81eD5Cd7E
15:26:01 interval 30s  active 3  size 100 (x0.5 on 900s)  dead 6 ticks  momentum 3 ticks/20s  gas floor 0.5 STT  1 cycles
15:26:39 pull     slot 0 c08f  rejected: The contract function "cancelQuote" reverted with the following signature:
15:26:41 poke     slot 0 c08f  success  0xde9af611a33859d8588187332c051d0c36a5e00880f4b6b3d73e7c86c4b8de0d  gas 125918
15:26:45 pull     slot 2 c090  rejected: The contract function "cancelQuote" reverted with the following signature:
15:26:47 poke     slot 2 c090  success  0x8c36ac3bac08a843f0f3e94bbcce2428417ed57904ee4f2e1e8d73ef122c711e  gas 125918
15:26:50 cycle 1  NAV 4434.82  idle 4185.52  resting 249.30  share 0.946727
15:41:01 vault    0x2314436ed2BDC44321c74EF43adA14CAE723D352
15:41:01 operator 0x39D2bae5EAedA9283535dDC98F1991c81eD5Cd7E
15:41:01 interval 30s  active 3  size 100 (x0.5 on 900s)  dead 6 ticks  momentum 3 ticks/20s  gas floor 0.5 STT  1 cycles
15:41:42 pull     slot 0 c08f  rejected: The contract function "cancelQuote" reverted with the following signature:
15:41:44 poke     slot 0 c08f  success  0xd751404c67261a5a737195b305d3e0acc5a3bafe5072275ca70ff2cd43ee63e6  gas 125918
15:41:50 pull     slot 2 c090  rejected: The contract function "cancelQuote" reverted with the following signature:
15:41:52 poke     slot 2 c090  success  0x8f2ad570ac0449a60309750c1e3c29b24e394942e7e925bf9aee9ed0025df385  gas 125918
15:41:57 cycle 1  NAV 4434.82  idle 4185.52  resting 249.30  share 0.946727
15:56:02 vault    0x2314436ed2BDC44321c74EF43adA14CAE723D352
15:56:02 operator 0x39D2bae5EAedA9283535dDC98F1991c81eD5Cd7E
15:56:02 interval 30s  active 3  size 100 (x0.5 on 900s)  dead 6 ticks  momentum 3 ticks/20s  gas floor 0.5 STT  1 cycles
15:56:44 pull     slot 0 c08f  rejected: The contract function "cancelQuote" reverted with the following signature:
15:56:47 poke     slot 0 c08f  success  0xeaae09a505d42a418fb7faf09bdd6932153ab24d2b033f7073eddee643fc7dbb  gas 125918
15:56:51 pull     slot 2 c090  rejected: The contract function "cancelQuote" reverted with the following signature:
15:56:57 poke     slot 2 c090  success  0x6a2f0d908ad8a774a7d83ef2ba9b4f2a7ef85e9c912c63b8253dcf5f6a9c2ee3  gas 125918
15:57:00 cycle 1  NAV 4434.82  idle 4185.52  resting 249.30  share 0.946727
16:11:01 vault    0x2314436ed2BDC44321c74EF43adA14CAE723D352
16:11:01 operator 0x39D2bae5EAedA9283535dDC98F1991c81eD5Cd7E
16:11:01 interval 30s  active 3  size 100 (x0.5 on 900s)  dead 6 ticks  momentum 3 ticks/20s  gas floor 0.5 STT  1 cycles
16:11:41 pull     slot 0 c08f  rejected: The contract function "cancelQuote" reverted with the following signature:
16:11:43 poke     slot 0 c08f  success  0x5c7f09cc16a18174188b8a18ef62550c39d45465844e4eabf37c4737d45d8e2e  gas 125918
16:11:48 pull     slot 2 c090  rejected: The contract function "cancelQuote" reverted with the following signature:
16:11:50 poke     slot 2 c090  success  0x42ca66d993c35eed3bae1eb7375619e5ce57b83777dd398ea6af975ecc7542fb  gas 125918
16:11:55 sampled  4 books in 0.4s; second look in 20s
16:12:18 skip     ETH-0-30AUG26-1700/tUSDC  mid moved 55 ticks in 20s — trending, not quoting
16:12:18 skip     BTC-0-30AUG26-1700/tUSDC  mid moved 137 ticks in 20s — trending, not quoting
16:12:18 skip     BTC-0-30AUG26-2000/tUSDC  mid moved 63 ticks in 20s — trending, not quoting
16:12:18 skip     ETH-0-30AUG26-2000/tUSDC  mid moved 30 ticks in 20s — trending, not quoting
16:12:22 cycle 1  NAV 4434.82  idle 4275.92  resting 158.90  share 0.946727
16:26:01 vault    0x2314436ed2BDC44321c74EF43adA14CAE723D352
16:26:01 operator 0x39D2bae5EAedA9283535dDC98F1991c81eD5Cd7E
16:26:01 interval 30s  active 3  size 100 (x0.5 on 900s)  dead 6 ticks  momentum 3 ticks/20s  gas floor 0.5 STT  1 cycles
16:26:40 pull     slot 0 c08f  rejected: The contract function "cancelQuote" reverted with the following signature:
16:26:42 poke     slot 0 c08f  success  0x57f9882b85d2d8a761ed4ff634fab036f3cc2b3ed7f2a72a5fa3f61465326379  gas 125918
16:26:47 pull     slot 2 c090  rejected: The contract function "cancelQuote" reverted with the following signature:
16:26:49 poke     slot 2 c090  success  0x2dbb84ed00b79806c1b7cf7c69e29484165dc56ad6ba334a868946da612b1c91  gas 125918
16:26:55 sampled  4 books in 0.4s; second look in 20s
16:27:16 skip     ETH-0-30AUG26-1700/tUSDC  mid 0.970 — priced as near-certain, no two-sided trade here
16:27:16 quote    slot 1 BTC-0-30AUG26-1700/tUSDC  theirs 0.844/0.868  ours 0.846/0.866  size 75  escrow 73.50  (mid still, 1 ticks)
16:27:19 quote    slot 1 e050  success  0xa4f533fb6ea724bb6670f482af0f73a012da3fb7cfebd6c83aa1db263edd1f34  gas 994405
16:27:22 arm      17:00:45Z  success  0xf9bf0a6367a049c4cfaa31b6b73338ee9e97f64f9c8ae1c18961b87641ca6a60  gas 465755
16:27:25 cycle 1  NAV 4434.82  idle 4202.42  resting 232.40  share 0.946727
16:41:09 vault    0x2314436ed2BDC44321c74EF43adA14CAE723D352
16:41:09 operator 0x39D2bae5EAedA9283535dDC98F1991c81eD5Cd7E
16:41:09 interval 30s  active 3  size 100 (x0.5 on 900s)  dead 6 ticks  momentum 3 ticks/20s  gas floor 0.5 STT  1 cycles
16:41:54 pull     slot 0 c08f  rejected: The contract function "cancelQuote" reverted with the following signature:
16:41:56 poke     slot 0 c08f  success  0xce8a1da4ee58e12b3b4e770e0d3c724d55027183186556c559871462f11097fa  gas 125918
16:42:00 pull     slot 2 c090  rejected: The contract function "cancelQuote" reverted with the following signature:
16:42:03 poke     slot 2 c090  success  0xeaca959582211f0af47a63008d522fb21f92c9dea99cdbb371468a63185dd4fb  gas 125918
16:42:05 cycle 1  NAV 4424.77  idle 4202.42  resting 222.35  share 0.944582
17:26:01 vault    0x2314436ed2BDC44321c74EF43adA14CAE723D352
17:26:01 operator 0x39D2bae5EAedA9283535dDC98F1991c81eD5Cd7E
17:26:01 interval 30s  active 3  size 100 (x0.5 on 900s)  dead 6 ticks  momentum 3 ticks/20s  gas floor 0.5 STT  1 cycles
17:26:33 slot 0: complete set held, book 249 ticks from our mid — flattening
17:26:37 flatten  slot 0 e04e  success  0xfae69099da55dfb694400cb181ce002dcba5539e800a2f9fda967848677bbd6d  gas 808819
17:26:39 slot 2: complete set held, book 169 ticks from our mid — flattening
17:26:42 flatten  slot 2 e04f  success  0x1beccd749459ad7f4865469152a00f349872a1bbc8c76de16fdbc6fb346a330c  gas 808819
17:26:46 sampled  2 books in 0.3s; second look in 20s
17:27:07 skip     ETH-0-30AUG26-1800/tUSDC  mid 0.028 — priced as near-certain, no two-sided trade here
17:27:07 skip     BTC-0-30AUG26-1800/tUSDC  mid 0.045 — priced as near-certain, no two-sided trade here
17:27:10 cycle 1  NAV 4478.97  idle 4478.97  resting 0.00  share 0.956152
17:42:35 vault    0x2314436ed2BDC44321c74EF43adA14CAE723D352
17:42:35 operator 0x39D2bae5EAedA9283535dDC98F1991c81eD5Cd7E
17:42:35 interval 30s  active 3  size 100 (x0.5 on 900s)  dead 6 ticks  momentum 3 ticks/20s  gas floor 0.5 STT  1 cycles
17:44:51 sampled  3 books in 0.4s; second look in 20s
17:45:14 skip     BTC-0-30AUG26-1800/tUSDC  mid 0.028 — priced as near-certain, no two-sided trade here
17:45:14 skip     BTC-0-30AUG26-2000/tUSDC  mid moved 21 ticks in 20s — trending, not quoting
17:45:14 skip     ETH-0-30AUG26-2000/tUSDC  mid moved 15 ticks in 20s — trending, not quoting
17:45:19 cycle 1  NAV 4478.97  idle 4478.97  resting 0.00  share 0.956152
17:56:19 vault    0x2314436ed2BDC44321c74EF43adA14CAE723D352
17:56:19 operator 0x39D2bae5EAedA9283535dDC98F1991c81eD5Cd7E
17:56:19 interval 30s  active 3  size 100 (x0.5 on 900s)  dead 6 ticks  momentum 3 ticks/20s  gas floor 0.5 STT  1 cycles
17:57:17 sampled  2 books in 0.4s; second look in 20s
17:57:38 quote    slot 0 BTC-0-30AUG26-2000/tUSDC  theirs 0.711/0.738  ours 0.713/0.735  size 100  escrow 97.80  (mid still, 1 ticks)
17:57:41 quote    slot 0 e04e  success  0x9854952af8596bcb60d28b410500ed6aa3ce595e1ff7fd108b235ceeb00b29c1  gas 594143
17:57:47 arm      20:05:15Z  success  0x26f424e040aa503d52ae19412d2786dbaab6c4aac00f85a49453592d577b2c32  gas 465755
17:57:47 quote    slot 1 ETH-0-30AUG26-2000/tUSDC  theirs 0.889/0.913  ours 0.891/0.911  size 100  escrow 98.00  (mid still, 1 ticks)
17:57:51 quote    slot 1 e04f  success  0x61769568eb80923cc444b6fc68a2ec168062f18df3d0f2646aa0ddd85ac8834c  gas 628834
17:57:55 cycle 1  NAV 4478.97  idle 4283.17  resting 195.80  share 0.956152
18:11:07 vault    0x2314436ed2BDC44321c74EF43adA14CAE723D352
18:11:07 operator 0x39D2bae5EAedA9283535dDC98F1991c81eD5Cd7E
18:11:07 interval 30s  active 3  size 100 (x0.5 on 900s)  dead 6 ticks  momentum 3 ticks/20s  gas floor 0.5 STT  1 cycles
18:11:53 slot 0: complete set held, book 212 ticks from our mid — flattening
18:11:57 flatten  slot 0 e04e  success  0x841bbf929d41ad193ba4d2aa433dfbf385b70237a00bdd269240d6394e4b0f93  gas 408819
18:11:59 slot 1: complete set held, book 17 ticks from our mid — flattening
18:12:02 flatten  slot 1 e04f  success  0x13367f0d6412e642945f4d274e734bb23433f49ff7f1664717e64f8986a55858  gas 408819
18:12:10 sampled  2 books in 0.4s; second look in 20s
18:12:31 skip     BTC-0-30AUG26-1900/tUSDC  mid moved 9 ticks in 20s — trending, not quoting
18:12:31 quote    slot 0 ETH-0-30AUG26-1900/tUSDC  theirs 0.239/0.266  ours 0.241/0.263  size 75  escrow 73.35  (mid still, 1 ticks)
18:12:34 quote    slot 0 e1b5  success  0xd82b5068aa835ca4bcd949adb81ea1ea07b6b9a3fbc4110a73d582cbe8f8b27a  gas 594143
18:12:39 arm      19:05:15Z  success  0xbe7256589e49c055392b8f01e205d9ebd25773f5be3e46f7aa43d2aeb1eadae4  gas 465755
18:12:44 cycle 1  NAV 4465.10  idle 4409.82  resting 55.27  share 0.953190
18:26:01 vault    0x2314436ed2BDC44321c74EF43adA14CAE723D352
18:26:01 operator 0x39D2bae5EAedA9283535dDC98F1991c81eD5Cd7E
18:26:01 interval 30s  active 3  size 100 (x0.5 on 900s)  dead 6 ticks  momentum 3 ticks/20s  gas floor 0.5 STT  1 cycles
18:26:36 slot 0: complete set held, book 114 ticks from our mid — flattening
18:26:40 flatten  slot 0 e1b5  success  0x3c5cfc4d6e747084092b1a1f5e42c72014c89c31d6a84d174172e3e466eaa2b5  gas 808819
18:26:45 sampled  3 books in 0.4s; second look in 20s
18:27:06 skip     BTC-0-30AUG26-1900/tUSDC  mid 0.076 — priced as near-certain, no two-sided trade here
18:27:06 quote    slot 0 BTC-0-30AUG26-2000/tUSDC  theirs 0.578/0.608  ours 0.580/0.606  size 100  escrow 97.40  (mid still, 2 ticks)
18:27:09 quote    slot 0 e04e  success  0xb033dd4b46625ee2f4a09541dafd46c4aa25040a771a571554c9a6e7de5acc2a  gas 594143
18:27:11 skip     ETH-0-30AUG26-2000/tUSDC  mid 0.970 — priced as near-certain, no two-sided trade here
18:27:14 cycle 1  NAV 4445.42  idle 4387.42  resting 58.00  share 0.948990
18:41:01 vault    0x2314436ed2BDC44321c74EF43adA14CAE723D352
18:41:01 operator 0x39D2bae5EAedA9283535dDC98F1991c81eD5Cd7E
18:41:01 interval 30s  active 3  size 100 (x0.5 on 900s)  dead 6 ticks  momentum 3 ticks/20s  gas floor 0.5 STT  1 cycles
18:41:39 sampled  3 books in 0.3s; second look in 20s
18:42:00 skip     BTC-0-30AUG26-1900/tUSDC  mid moved 11 ticks in 20s — trending, not quoting
18:42:00 skip     ETH-0-30AUG26-1900/tUSDC  mid 0.921 — priced as near-certain, no two-sided trade here
18:42:00 skip     ETH-0-30AUG26-2000/tUSDC  mid 0.989 — priced as near-certain, no two-sided trade here
18:42:04 cycle 1  NAV 4445.42  idle 4387.42  resting 58.00  share 0.948990
18:56:01 vault    0x2314436ed2BDC44321c74EF43adA14CAE723D352
18:56:01 operator 0x39D2bae5EAedA9283535dDC98F1991c81eD5Cd7E
18:56:01 interval 30s  active 3  size 100 (x0.5 on 900s)  dead 6 ticks  momentum 3 ticks/20s  gas floor 0.5 STT  1 cycles
18:56:41 sampled  0 books in 0.4s; second look in 20s
18:56:44 cycle 1  NAV 4445.42  idle 4387.42  resting 58.00  share 0.948990
19:11:01 vault    0x2314436ed2BDC44321c74EF43adA14CAE723D352
19:11:01 operator 0x39D2bae5EAedA9283535dDC98F1991c81eD5Cd7E
19:11:01 interval 30s  active 3  size 100 (x0.5 on 900s)  dead 6 ticks  momentum 3 ticks/20s  gas floor 0.5 STT  1 cycles
19:11:49 sampled  2 books in 0.4s; second look in 20s
19:12:12 skip     ETH-0-30AUG26-2000-E267/tUSDC  mid moved 79 ticks in 20s — trending, not quoting
19:12:12 skip     BTC-0-30AUG26-2000-E266/tUSDC  mid moved 19 ticks in 20s — trending, not quoting
19:12:16 cycle 1  NAV 4445.42  idle 4387.42  resting 58.00  share 0.948990
19:26:01 vault    0x2314436ed2BDC44321c74EF43adA14CAE723D352
19:26:01 operator 0x39D2bae5EAedA9283535dDC98F1991c81eD5Cd7E
19:26:01 interval 30s  active 3  size 100 (x0.5 on 900s)  dead 6 ticks  momentum 3 ticks/20s  gas floor 0.5 STT  1 cycles
19:26:50 sampled  2 books in 0.3s; second look in 20s
19:27:11 skip     ETH-0-30AUG26-2000-E267/tUSDC  mid moved 8 ticks in 20s — trending, not quoting
19:27:11 skip     BTC-0-30AUG26-2000-E266/tUSDC  mid moved 6 ticks in 20s — trending, not quoting
19:27:15 cycle 1  NAV 4445.42  idle 4387.42  resting 58.00  share 0.948990
19:41:09 vault    0x2314436ed2BDC44321c74EF43adA14CAE723D352
19:41:09 operator 0x39D2bae5EAedA9283535dDC98F1991c81eD5Cd7E
19:41:09 interval 30s  active 3  size 100 (x0.5 on 900s)  dead 6 ticks  momentum 3 ticks/20s  gas floor 0.5 STT  1 cycles
19:41:45 sampled  2 books in 0.3s; second look in 20s
19:42:06 skip     ETH-0-30AUG26-2000-E267/tUSDC  mid 0.028 — priced as near-certain, no two-sided trade here
19:42:06 skip     BTC-0-30AUG26-2000-E266/tUSDC  mid 0.013 — priced as near-certain, no two-sided trade here
19:42:08 cycle 1  NAV 4487.42  idle 4387.42  resting 0.00  share 0.957956
19:56:01 vault    0x2314436ed2BDC44321c74EF43adA14CAE723D352
19:56:01 operator 0x39D2bae5EAedA9283535dDC98F1991c81eD5Cd7E
19:56:01 interval 30s  active 3  size 100 (x0.5 on 900s)  dead 6 ticks  momentum 3 ticks/20s  gas floor 0.5 STT  1 cycles
19:56:39 sampled  0 books in 0.0s; second look in 20s
19:56:43 cycle 1  NAV 4487.42  idle 4487.42  resting 0.00  share 0.957956
20:11:01 vault    0x2314436ed2BDC44321c74EF43adA14CAE723D352
20:11:01 operator 0x39D2bae5EAedA9283535dDC98F1991c81eD5Cd7E
20:11:01 interval 30s  active 3  size 100 (x0.5 on 900s)  dead 6 ticks  momentum 3 ticks/20s  gas floor 0.5 STT  1 cycles
20:11:39 sampled  4 books in 0.3s; second look in 20s
20:12:00 skip     ETH-0-30AUG26-2100/tUSDC  mid moved 40 ticks in 20s — trending, not quoting
20:12:00 skip     BTC-0-30AUG26-2100/tUSDC  mid moved 49 ticks in 20s — trending, not quoting
20:12:00 skip     BTC-0-31AUG26-E318/tUSDC  mid moved 23 ticks in 20s — trending, not quoting
20:12:00 skip     ETH-0-31AUG26-E319/tUSDC  mid moved 22 ticks in 20s — trending, not quoting
20:12:04 cycle 1  NAV 4487.42  idle 4487.42  resting 0.00  share 0.957956
20:26:01 vault    0x2314436ed2BDC44321c74EF43adA14CAE723D352
20:26:01 operator 0x39D2bae5EAedA9283535dDC98F1991c81eD5Cd7E
20:26:01 interval 30s  active 3  size 100 (x0.5 on 900s)  dead 6 ticks  momentum 3 ticks/20s  gas floor 0.5 STT  1 cycles
20:26:39 sampled  4 books in 0.3s; second look in 20s
20:27:00 skip     ETH-0-30AUG26-2100/tUSDC  mid moved 26 ticks in 20s — trending, not quoting
20:27:00 quote    slot 0 BTC-0-30AUG26-2100/tUSDC  theirs 0.512/0.542  ours 0.514/0.540  size 75  escrow 73.05  (mid still, 0 ticks)
20:27:02 quote    slot 0 e31a  success  0x16e43677bff0d45b56dc81066f3a048689b461c6d25d4ffdc331b27dc9898755  gas 994143
20:27:07 arm      21:05:15Z  success  0xa506283f749ecd140291eb09ada4ab2fee29239fa2cf8a98756d09975d87b3ef  gas 465755
20:27:07 quote    slot 1 BTC-0-31AUG26-E318/tUSDC  theirs 0.496/0.525  ours 0.498/0.522  size 100  escrow 97.60  (mid still, 0 ticks)
20:27:09 quote    slot 1 e318  success  0x3e661b0b5145d2c1dafd4aaf6ad27fecb7987b62719eb4b2c7a34a2b0eb925db  gas 594274
20:27:13 arm      00:05:15Z  success  0xb30975fc02322ae492f63b60e79085be653fb26f2ba3814d65a965b4cead2808  gas 465755
20:27:14 skip     ETH-0-31AUG26-E319/tUSDC  mid moved 11 ticks in 20s — trending, not quoting
20:27:16 cycle 1  NAV 4487.42  idle 4316.77  resting 170.65  share 0.957956
20:41:01 vault    0x2314436ed2BDC44321c74EF43adA14CAE723D352
20:41:01 operator 0x39D2bae5EAedA9283535dDC98F1991c81eD5Cd7E
20:41:01 interval 30s  active 3  size 100 (x0.5 on 900s)  dead 6 ticks  momentum 3 ticks/20s  gas floor 0.5 STT  1 cycles
20:41:34 slot 0: complete set held, book 403 ticks from our mid — flattening
20:41:37 flatten  slot 0 e31a  success  0xf0d3365349c4329fbd834ccbe2d613660f65ac81169b9e15d8d74035938f340b  gas 808819
20:41:38 slot 1: complete set held, book 162 ticks from our mid — flattening
20:41:41 flatten  slot 1 e318  success  0xc53fdd636e8f2ab62c1428f9fa005a9670513ce1135680bdbb9b4dd428bc70dc  gas 808819
20:41:45 sampled  2 books in 0.3s; second look in 20s
20:42:06 skip     ETH-0-30AUG26-2100/tUSDC  mid moved 61 ticks in 20s — trending, not quoting
20:42:06 skip     ETH-0-31AUG26-E319/tUSDC  mid moved 40 ticks in 20s — trending, not quoting
20:42:13 cycle 1  NAV 4491.77  idle 4491.77  resting 0.00  share 0.958885
20:56:01 vault    0x2314436ed2BDC44321c74EF43adA14CAE723D352
20:56:01 operator 0x39D2bae5EAedA9283535dDC98F1991c81eD5Cd7E
20:56:01 interval 30s  active 3  size 100 (x0.5 on 900s)  dead 6 ticks  momentum 3 ticks/20s  gas floor 0.5 STT  1 cycles
20:56:45 sampled  2 books in 0.3s; second look in 20s
20:57:06 skip     BTC-0-31AUG26-E318/tUSDC  mid moved 8 ticks in 20s — trending, not quoting
20:57:06 skip     ETH-0-31AUG26-E319/tUSDC  mid moved 10 ticks in 20s — trending, not quoting
20:57:09 cycle 1  NAV 4491.77  idle 4491.77  resting 0.00  share 0.958885
21:11:01 vault    0x2314436ed2BDC44321c74EF43adA14CAE723D352
21:11:01 operator 0x39D2bae5EAedA9283535dDC98F1991c81eD5Cd7E
21:11:01 interval 30s  active 3  size 100 (x0.5 on 900s)  dead 6 ticks  momentum 3 ticks/20s  gas floor 0.5 STT  1 cycles
21:11:50 sampled  4 books in 1.6s; second look in 20s
21:12:10 skip     BTC-0-30AUG26-2200/tUSDC  mid moved 32 ticks in 20s — trending, not quoting
21:12:10 skip     ETH-0-30AUG26-2200/tUSDC  mid moved 4 ticks in 20s — trending, not quoting
21:12:10 skip     BTC-0-31AUG26-E318/tUSDC  mid moved 14 ticks in 20s — trending, not quoting
21:12:10 quote    slot 0 ETH-0-31AUG26-E319/tUSDC  theirs 0.218/0.245  ours 0.220/0.242  size 100  escrow 97.80  (mid still, 1 ticks)
21:12:13 quote    slot 0 e319  success  0x68a026ccd3a3d82d6f85541aa4b99bdcf5863d3eef48427d068a4d9cf66a1a77  gas 994143
21:12:18 cycle 1  NAV 4491.77  idle 4393.97  resting 97.80  share 0.958885
21:26:01 vault    0x2314436ed2BDC44321c74EF43adA14CAE723D352
21:26:01 operator 0x39D2bae5EAedA9283535dDC98F1991c81eD5Cd7E
21:26:01 interval 30s  active 3  size 100 (x0.5 on 900s)  dead 6 ticks  momentum 3 ticks/20s  gas floor 0.5 STT  1 cycles
21:26:41 sampled  3 books in 0.4s; second look in 20s
21:27:02 skip     BTC-0-30AUG26-2200/tUSDC  mid moved 43 ticks in 20s — trending, not quoting
21:27:02 skip     ETH-0-30AUG26-2200/tUSDC  mid moved 9 ticks in 20s — trending, not quoting
21:27:02 skip     BTC-0-31AUG26-E318/tUSDC  mid moved 16 ticks in 20s — trending, not quoting
21:27:06 cycle 1  NAV 4469.77  idle 4393.97  resting 75.80  share 0.954188
21:41:01 vault    0x2314436ed2BDC44321c74EF43adA14CAE723D352
21:41:01 operator 0x39D2bae5EAedA9283535dDC98F1991c81eD5Cd7E
21:41:01 interval 30s  active 3  size 100 (x0.5 on 900s)  dead 6 ticks  momentum 3 ticks/20s  gas floor 0.5 STT  1 cycles
21:41:40 sampled  3 books in 0.3s; second look in 20s
21:42:01 quote    slot 1 BTC-0-30AUG26-2200/tUSDC  theirs 0.546/0.575  ours 0.548/0.572  size 75  escrow 73.20  (mid still, 2 ticks)
21:42:02 quote    slot 1 e3cc  rejected: The contract function "quote" reverted with the following signature:
21:42:02 skip     ETH-0-30AUG26-2200/tUSDC  mid 0.060 — priced as near-certain, no two-sided trade here
21:42:02 skip     BTC-0-31AUG26-E318/tUSDC  mid moved 5 ticks in 20s — trending, not quoting
21:42:03 quote    slot 2 BTC-0-30AUG26-2200/tUSDC  theirs 0.546/0.575  ours 0.548/0.572  size 75  escrow 73.20  (mid still, 2 ticks)
21:42:04 quote    slot 2 e3cc  rejected: The contract function "quote" reverted with the following signature:
21:42:05 quote    slot 3 BTC-0-30AUG26-2200/tUSDC  theirs 0.546/0.575  ours 0.548/0.572  size 75  escrow 73.20  (mid still, 2 ticks)
21:42:06 quote    slot 3 e3cc  rejected: The contract function "quote" reverted with the following signature:
21:42:06 quote    slot 4 BTC-0-30AUG26-2200/tUSDC  theirs 0.546/0.575  ours 0.548/0.572  size 75  escrow 73.20  (mid still, 2 ticks)
21:42:08 quote    slot 4 e3cc  rejected: The contract function "quote" reverted with the following signature:
21:42:08 quote    slot 5 BTC-0-30AUG26-2200/tUSDC  theirs 0.546/0.575  ours 0.548/0.572  size 75  escrow 73.20  (mid still, 2 ticks)
21:42:09 quote    slot 5 e3cc  rejected: The contract function "quote" reverted with the following signature:
21:42:10 quote    slot 6 BTC-0-30AUG26-2200/tUSDC  theirs 0.546/0.575  ours 0.548/0.572  size 75  escrow 73.20  (mid still, 2 ticks)
21:42:11 quote    slot 6 e3cc  rejected: The contract function "quote" reverted with the following signature:
21:42:12 quote    slot 7 BTC-0-30AUG26-2200/tUSDC  theirs 0.546/0.575  ours 0.548/0.572  size 75  escrow 73.20  (mid still, 2 ticks)
21:42:13 quote    slot 7 e3cc  rejected: The contract function "quote" reverted with the following signature:
21:42:14 cycle 1  NAV 4469.77  idle 4393.97  resting 75.80  share 0.954188
21:56:01 vault    0x2314436ed2BDC44321c74EF43adA14CAE723D352
21:56:01 operator 0x39D2bae5EAedA9283535dDC98F1991c81eD5Cd7E
21:56:01 interval 30s  active 3  size 100 (x0.5 on 900s)  dead 6 ticks  momentum 3 ticks/20s  gas floor 0.5 STT  1 cycles
21:56:39 sampled  1 books in 0.3s; second look in 20s
21:57:00 skip     BTC-0-31AUG26-E318/tUSDC  mid moved 45 ticks in 20s — trending, not quoting
21:57:04 cycle 1  NAV 4469.77  idle 4393.97  resting 75.80  share 0.954188
22:11:01 vault    0x2314436ed2BDC44321c74EF43adA14CAE723D352
22:11:01 operator 0x39D2bae5EAedA9283535dDC98F1991c81eD5Cd7E
22:11:01 interval 30s  active 3  size 100 (x0.5 on 900s)  dead 6 ticks  momentum 3 ticks/20s  gas floor 0.5 STT  1 cycles
22:11:41 sampled  3 books in 0.4s; second look in 20s
22:12:02 skip     ETH-0-30AUG26-2300/tUSDC  mid moved 45 ticks in 20s — trending, not quoting
22:12:02 skip     BTC-0-30AUG26-2300/tUSDC  mid moved 45 ticks in 20s — trending, not quoting
22:12:02 skip     BTC-0-31AUG26-E318/tUSDC  mid moved 23 ticks in 20s — trending, not quoting
22:12:06 cycle 1  NAV 4469.77  idle 4393.97  resting 75.80  share 0.954188
22:26:01 vault    0x2314436ed2BDC44321c74EF43adA14CAE723D352
22:26:01 operator 0x39D2bae5EAedA9283535dDC98F1991c81eD5Cd7E
22:26:01 interval 30s  active 3  size 100 (x0.5 on 900s)  dead 6 ticks  momentum 3 ticks/20s  gas floor 0.5 STT  1 cycles
22:26:41 sampled  3 books in 0.4s; second look in 20s
22:27:02 skip     ETH-0-30AUG26-2300/tUSDC  mid moved 12 ticks in 20s — trending, not quoting
22:27:02 skip     BTC-0-30AUG26-2300/tUSDC  mid 0.068 — priced as near-certain, no two-sided trade here
22:27:02 skip     BTC-0-31AUG26-E318/tUSDC  mid 0.065 — priced as near-certain, no two-sided trade here
22:27:05 cycle 1  NAV 4469.77  idle 4393.97  resting 75.80  share 0.954188
22:41:01 vault    0x2314436ed2BDC44321c74EF43adA14CAE723D352
22:41:01 operator 0x39D2bae5EAedA9283535dDC98F1991c81eD5Cd7E
22:41:01 interval 30s  active 3  size 100 (x0.5 on 900s)  dead 6 ticks  momentum 3 ticks/20s  gas floor 0.5 STT  1 cycles
22:41:41 sampled  3 books in 0.4s; second look in 20s
22:42:02 skip     ETH-0-30AUG26-2300/tUSDC  mid moved 41 ticks in 20s — trending, not quoting
22:42:02 skip     BTC-0-30AUG26-2300/tUSDC  mid moved 23 ticks in 20s — trending, not quoting
22:42:02 skip     BTC-0-31AUG26-E318/tUSDC  mid moved 10 ticks in 20s — trending, not quoting
22:42:06 cycle 1  NAV 4469.77  idle 4393.97  resting 75.80  share 0.954188
22:56:01 vault    0x2314436ed2BDC44321c74EF43adA14CAE723D352
22:56:01 operator 0x39D2bae5EAedA9283535dDC98F1991c81eD5Cd7E
22:56:01 interval 30s  active 3  size 100 (x0.5 on 900s)  dead 6 ticks  momentum 3 ticks/20s  gas floor 0.5 STT  1 cycles
22:56:48 sampled  1 books in 0.4s; second look in 20s
22:57:09 skip     BTC-0-31AUG26-E318/tUSDC  mid 0.069 — priced as near-certain, no two-sided trade here
22:57:11 cycle 1  NAV 4469.77  idle 4393.97  resting 75.80  share 0.954188
23:11:02 vault    0x2314436ed2BDC44321c74EF43adA14CAE723D352
23:11:02 operator 0x39D2bae5EAedA9283535dDC98F1991c81eD5Cd7E
23:11:02 interval 30s  active 3  size 100 (x0.5 on 900s)  dead 6 ticks  momentum 3 ticks/20s  gas floor 0.5 STT  1 cycles
23:11:41 sampled  2 books in 0.3s; second look in 20s
23:12:02 skip     ETH-0-31AUG26-E531/tUSDC  mid moved 69 ticks in 20s — trending, not quoting
23:12:02 skip     BTC-0-31AUG26-E530/tUSDC  mid moved 129 ticks in 20s — trending, not quoting
23:12:06 cycle 1  NAV 4469.77  idle 4393.97  resting 75.80  share 0.954188
23:26:01 vault    0x2314436ed2BDC44321c74EF43adA14CAE723D352
23:26:01 operator 0x39D2bae5EAedA9283535dDC98F1991c81eD5Cd7E
23:26:01 interval 30s  active 3  size 100 (x0.5 on 900s)  dead 6 ticks  momentum 3 ticks/20s  gas floor 0.5 STT  1 cycles
23:26:39 sampled  2 books in 0.3s; second look in 20s
23:27:00 skip     ETH-0-31AUG26-E531/tUSDC  mid 0.061 — priced as near-certain, no two-sided trade here
23:27:00 skip     BTC-0-31AUG26-E530/tUSDC  mid moved 12 ticks in 20s — trending, not quoting
23:27:03 cycle 1  NAV 4469.77  idle 4393.97  resting 75.80  share 0.954188
23:41:01 vault    0x2314436ed2BDC44321c74EF43adA14CAE723D352
23:41:01 operator 0x39D2bae5EAedA9283535dDC98F1991c81eD5Cd7E
23:41:01 interval 30s  active 3  size 100 (x0.5 on 900s)  dead 6 ticks  momentum 3 ticks/20s  gas floor 0.5 STT  1 cycles
23:41:43 sampled  0 books in 0.4s; second look in 20s
23:41:46 cycle 1  NAV 4469.77  idle 4393.97  resting 75.80  share 0.954188
23:56:01 vault    0x2314436ed2BDC44321c74EF43adA14CAE723D352
23:56:01 operator 0x39D2bae5EAedA9283535dDC98F1991c81eD5Cd7E
23:56:01 interval 30s  active 3  size 100 (x0.5 on 900s)  dead 6 ticks  momentum 3 ticks/20s  gas floor 0.5 STT  1 cycles
23:56:39 sampled  0 books in 0.0s; second look in 20s
23:56:42 cycle 1  NAV 4469.77  idle 4393.97  resting 75.80  share 0.954188
00:11:01 vault    0x2314436ed2BDC44321c74EF43adA14CAE723D352
00:11:01 operator 0x39D2bae5EAedA9283535dDC98F1991c81eD5Cd7E
00:11:01 interval 30s  active 3  size 100 (x0.5 on 900s)  dead 6 ticks  momentum 3 ticks/20s  gas floor 0.5 STT  1 cycles
00:11:40 sampled  4 books in 0.4s; second look in 20s
00:12:01 skip     ETH-0-31AUG26-0100/tUSDC  mid moved 30 ticks in 20s — trending, not quoting
00:12:01 skip     BTC-0-31AUG26-0100/tUSDC  mid moved 8 ticks in 20s — trending, not quoting
00:12:01 quote    slot 0 BTC-0-31AUG26-0400/tUSDC  theirs 0.458/0.488  ours 0.460/0.486  size 100  escrow 97.40  (mid still, 2 ticks)
00:12:04 quote    slot 0 e5e4  success  0xb405dc8350c1ef58ee0181744591de9810a6b63671737bd79a5a4327b8d3a469  gas 594143
00:12:10 arm      04:05:15Z  success  0xd0d157c7b459e0a0b6a56a7cf800635247e36bf6be3d3779e0aeaa0ff97e4cf3  gas 465755
00:12:11 skip     ETH-0-31AUG26-0400/tUSDC  mid moved 15 ticks in 20s — trending, not quoting
00:12:13 cycle 1  NAV 4469.77  idle 4372.37  resting 97.40  share 0.954188
00:26:01 vault    0x2314436ed2BDC44321c74EF43adA14CAE723D352
00:26:01 operator 0x39D2bae5EAedA9283535dDC98F1991c81eD5Cd7E
00:26:01 interval 30s  active 3  size 100 (x0.5 on 900s)  dead 6 ticks  momentum 3 ticks/20s  gas floor 0.5 STT  1 cycles
00:26:37 slot 0: complete set held, book 155 ticks from our mid — flattening
00:26:40 flatten  slot 0 e5e4  success  0xa6bc2fb7ce0479acbab726b0f78d8b593b74bc4976c2a005a01a2c094b150551  gas 808819
00:26:47 sampled  3 books in 0.3s; second look in 20s
00:27:08 skip     ETH-0-31AUG26-0100/tUSDC  mid moved 25 ticks in 20s — trending, not quoting
00:27:08 skip     BTC-0-31AUG26-0100/tUSDC  mid moved 33 ticks in 20s — trending, not quoting
00:27:08 skip     ETH-0-31AUG26-0400/tUSDC  mid moved 9 ticks in 20s — trending, not quoting
00:27:11 cycle 1  NAV 4472.37  idle 4472.37  resting 0.00  share 0.954743
00:41:01 vault    0x2314436ed2BDC44321c74EF43adA14CAE723D352
00:41:01 operator 0x39D2bae5EAedA9283535dDC98F1991c81eD5Cd7E
00:41:01 interval 30s  active 3  size 100 (x0.5 on 900s)  dead 6 ticks  momentum 3 ticks/20s  gas floor 0.5 STT  1 cycles
00:41:50 sampled  2 books in 0.3s; second look in 20s
00:42:11 skip     ETH-0-31AUG26-0100/tUSDC  mid 0.960 — priced as near-certain, no two-sided trade here
00:42:11 skip     BTC-0-31AUG26-0100/tUSDC  mid 0.966 — priced as near-certain, no two-sided trade here
00:42:15 cycle 1  NAV 4444.07  idle 4276.97  resting 167.10  share 0.948702
00:56:01 vault    0x2314436ed2BDC44321c74EF43adA14CAE723D352
00:56:01 operator 0x39D2bae5EAedA9283535dDC98F1991c81eD5Cd7E
00:56:01 interval 30s  active 3  size 100 (x0.5 on 900s)  dead 6 ticks  momentum 3 ticks/20s  gas floor 0.5 STT  1 cycles
00:56:38 slot 1: complete set held, book 53 ticks from our mid — flattening
00:56:41 flatten  slot 1 e5e5  success  0x0895fe38b86e4f674b8880b7a66c03e23876d729ed25da654c3ca95fa9fddda5  gas 808819
00:56:46 sampled  0 books in 0.0s; second look in 20s
00:56:50 cycle 1  NAV 4446.27  idle 4376.97  resting 69.30  share 0.949171
01:11:01 vault    0x2314436ed2BDC44321c74EF43adA14CAE723D352
01:11:01 operator 0x39D2bae5EAedA9283535dDC98F1991c81eD5Cd7E
01:11:01 interval 30s  active 3  size 100 (x0.5 on 900s)  dead 6 ticks  momentum 3 ticks/20s  gas floor 0.5 STT  1 cycles
01:11:39 slot 0: complete set held, book 284 ticks from our mid — flattening
01:11:41 flatten  slot 0 e5e4  success  0x8246e4984a93a6bff31e1d338cc44609ded919c04c77a343bc817a5d19a6f1da  gas 408819
01:11:49 sampled  3 books in 0.3s; second look in 20s
01:12:10 skip     ETH-0-31AUG26-0200/tUSDC  mid moved 7 ticks in 20s — trending, not quoting
01:12:10 skip     BTC-0-31AUG26-0200/tUSDC  mid moved 10 ticks in 20s — trending, not quoting
01:12:10 skip     ETH-0-31AUG26-0400/tUSDC  mid moved 5 ticks in 20s — trending, not quoting
01:12:13 cycle 1  NAV 4476.97  idle 4476.97  resting 0.00  share 0.955725
01:26:02 vault    0x2314436ed2BDC44321c74EF43adA14CAE723D352
01:26:02 operator 0x39D2bae5EAedA9283535dDC98F1991c81eD5Cd7E
01:26:02 interval 30s  active 3  size 100 (x0.5 on 900s)  dead 6 ticks  momentum 3 ticks/20s  gas floor 0.5 STT  1 cycles
01:26:38 sampled  4 books in 0.4s; second look in 20s
01:26:59 skip     ETH-0-31AUG26-0200/tUSDC  mid moved 32 ticks in 20s — trending, not quoting
01:26:59 skip     BTC-0-31AUG26-0200/tUSDC  mid moved 7 ticks in 20s — trending, not quoting
01:26:59 skip     BTC-0-31AUG26-0400/tUSDC  mid moved 3 ticks in 20s — trending, not quoting
01:26:59 skip     ETH-0-31AUG26-0400/tUSDC  mid moved 20 ticks in 20s — trending, not quoting
01:27:03 cycle 1  NAV 4476.97  idle 4476.97  resting 0.00  share 0.955725
01:41:02 vault    0x2314436ed2BDC44321c74EF43adA14CAE723D352
01:41:02 operator 0x39D2bae5EAedA9283535dDC98F1991c81eD5Cd7E
01:41:02 interval 30s  active 3  size 100 (x0.5 on 900s)  dead 6 ticks  momentum 3 ticks/20s  gas floor 0.5 STT  1 cycles
01:41:38 sampled  4 books in 0.4s; second look in 20s
01:41:59 skip     ETH-0-31AUG26-0200/tUSDC  mid moved 13 ticks in 20s — trending, not quoting
01:41:59 skip     BTC-0-31AUG26-0200/tUSDC  mid moved 29 ticks in 20s — trending, not quoting
01:41:59 skip     BTC-0-31AUG26-0400/tUSDC  mid moved 7 ticks in 20s — trending, not quoting
01:41:59 skip     ETH-0-31AUG26-0400/tUSDC  mid moved 5 ticks in 20s — trending, not quoting
01:42:03 cycle 1  NAV 4476.97  idle 4476.97  resting 0.00  share 0.955725
01:56:02 vault    0x2314436ed2BDC44321c74EF43adA14CAE723D352
01:56:02 operator 0x39D2bae5EAedA9283535dDC98F1991c81eD5Cd7E
01:56:02 interval 30s  active 3  size 100 (x0.5 on 900s)  dead 6 ticks  momentum 3 ticks/20s  gas floor 0.5 STT  1 cycles
01:56:36 sampled  2 books in 0.4s; second look in 20s
01:56:58 skip     ETH-0-31AUG26-0400/tUSDC  mid moved 15 ticks in 20s — trending, not quoting
01:56:58 skip     BTC-0-31AUG26-0400/tUSDC  mid moved 12 ticks in 20s — trending, not quoting
01:57:02 cycle 1  NAV 4476.97  idle 4476.97  resting 0.00  share 0.955725
02:11:02 vault    0x2314436ed2BDC44321c74EF43adA14CAE723D352
02:11:02 operator 0x39D2bae5EAedA9283535dDC98F1991c81eD5Cd7E
02:11:02 interval 30s  active 3  size 100 (x0.5 on 900s)  dead 6 ticks  momentum 3 ticks/20s  gas floor 0.5 STT  1 cycles
02:11:40 sampled  2 books in 0.4s; second look in 20s
02:12:05 skip     ETH-0-31AUG26-0300/tUSDC  mid moved 14 ticks in 20s — trending, not quoting
02:12:05 skip     BTC-0-31AUG26-0300/tUSDC  mid moved 18 ticks in 20s — trending, not quoting
02:12:09 cycle 1  NAV 4363.87  idle 4281.77  resting 82.10  share 0.931581
02:26:03 vault    0x2314436ed2BDC44321c74EF43adA14CAE723D352
02:26:03 operator 0x39D2bae5EAedA9283535dDC98F1991c81eD5Cd7E
02:26:03 interval 30s  active 3  size 100 (x0.5 on 900s)  dead 6 ticks  momentum 3 ticks/20s  gas floor 0.5 STT  1 cycles
02:26:44 sampled  2 books in 0.4s; second look in 20s
02:27:06 skip     ETH-0-31AUG26-0300/tUSDC  mid moved 21 ticks in 20s — trending, not quoting
02:27:06 skip     BTC-0-31AUG26-0300/tUSDC  mid moved 25 ticks in 20s — trending, not quoting
02:27:09 cycle 1  NAV 4363.87  idle 4281.77  resting 82.10  share 0.931581
02:41:17 vault    0x2314436ed2BDC44321c74EF43adA14CAE723D352
02:41:17 operator 0x39D2bae5EAedA9283535dDC98F1991c81eD5Cd7E
02:41:17 interval 30s  active 3  size 100 (x0.5 on 900s)  dead 6 ticks  momentum 3 ticks/20s  gas floor 0.5 STT  1 cycles
02:41:57 slot 1: complete set held, book 100 ticks from our mid — flattening
02:42:00 flatten  slot 1 e5e5  success  0x1f5e0f32ac8cae9ca2cf2082de5aaded60874a6147d15f0dc7b6987154e237c9  gas 408819
02:42:11 sampled  2 books in 0.3s; second look in 20s
02:42:33 skip     ETH-0-31AUG26-0300/tUSDC  mid moved 14 ticks in 20s — trending, not quoting
02:42:33 skip     BTC-0-31AUG26-0300/tUSDC  mid moved 16 ticks in 20s — trending, not quoting
02:42:36 cycle 1  NAV 4423.77  idle 4381.77  resting 42.00  share 0.944368
02:56:02 vault    0x2314436ed2BDC44321c74EF43adA14CAE723D352
02:56:02 operator 0x39D2bae5EAedA9283535dDC98F1991c81eD5Cd7E
02:56:02 interval 30s  active 3  size 100 (x0.5 on 900s)  dead 6 ticks  momentum 3 ticks/20s  gas floor 0.5 STT  1 cycles
02:56:34 slot 0: complete set held, book 346 ticks from our mid — flattening
02:56:37 flatten  slot 0 e5e4  success  0xcfc7a563a5cf218f0442b64670610ac7c4f22c9b1e2adefb40bafac241fc08d0  gas 408819
02:56:42 sampled  1 books in 0.4s; second look in 20s
02:57:03 skip     ETH-0-31AUG26-0400/tUSDC  mid moved 15 ticks in 20s — trending, not quoting
02:57:06 cycle 1  NAV 4481.77  idle 4481.77  resting 0.00  share 0.956750
03:11:02 vault    0x2314436ed2BDC44321c74EF43adA14CAE723D352
03:11:02 operator 0x39D2bae5EAedA9283535dDC98F1991c81eD5Cd7E
03:11:02 interval 30s  active 3  size 100 (x0.5 on 900s)  dead 6 ticks  momentum 3 ticks/20s  gas floor 0.5 STT  1 cycles
03:11:43 sampled  2 books in 0.3s; second look in 20s
03:12:03 quote    slot 0 ETH-0-31AUG26-0400-E7FD/tUSDC  theirs 0.807/0.832  ours 0.809/0.829  size 75  escrow 73.50  (mid still, 2 ticks)
03:12:07 quote    slot 0 e7fd  success  0x3498ad0cb4e94e2a87f19d01778c5e3795ece98aab7de1e8799ff9257ca9d373  gas 994143
03:12:09 arm      04:05:15Z  already armed; one callback covers every slot
03:12:09 skip     BTC-0-31AUG26-0400-E7FC/tUSDC  mid moved 3 ticks in 20s — trending, not quoting
03:12:12 cycle 1  NAV 4481.77  idle 4408.27  resting 73.50  share 0.956750
03:26:15 vault    0x2314436ed2BDC44321c74EF43adA14CAE723D352
03:26:15 operator 0x39D2bae5EAedA9283535dDC98F1991c81eD5Cd7E
03:26:15 interval 30s  active 3  size 100 (x0.5 on 900s)  dead 6 ticks  momentum 3 ticks/20s  gas floor 0.5 STT  1 cycles
03:26:52 slot 0: complete set held, book 136 ticks from our mid — flattening
03:26:59 flatten  slot 0 e7fd  success  0xc25712fe4db08069c97cb9515fe6d3a87952c7704a4124f5236aa4d1d40ec7d6  gas 808819
03:27:06 sampled  1 books in 0.4s; second look in 20s
03:27:35 skip     BTC-0-31AUG26-0400-E7FC/tUSDC  mid 0.939 — priced as near-certain, no two-sided trade here
03:27:39 cycle 1  NAV 4483.27  idle 4483.27  resting 0.00  share 0.957070
2026-08-31 03:41:02 vault    0x2314436ed2BDC44321c74EF43adA14CAE723D352
2026-08-31 03:41:02 operator 0x39D2bae5EAedA9283535dDC98F1991c81eD5Cd7E
2026-08-31 03:41:02 interval 30s  active 3  size 100 (x0.5 on 900s)  dead 6 ticks  momentum 3 ticks/20s  gas floor 0.5 STT  1 cycles
2026-08-31 03:41:37 sampled  0 books in 0.3s; second look in 20s
2026-08-31 03:41:41 cycle 1  NAV 4483.27  idle 4483.27  resting 0.00  share 0.957070
2026-08-31 03:56:02 vault    0x2314436ed2BDC44321c74EF43adA14CAE723D352
2026-08-31 03:56:02 operator 0x39D2bae5EAedA9283535dDC98F1991c81eD5Cd7E
2026-08-31 03:56:02 interval 30s  active 3  size 100 (x0.5 on 900s)  dead 6 ticks  momentum 3 ticks/20s  gas floor 0.5 STT  1 cycles
2026-08-31 03:56:42 tiers    quoting 14400s, 900s only — 3600s and 86400s are left alone on the ledger's record
2026-08-31 03:56:42 sampled  0 books in 0.0s; second look in 20s
2026-08-31 03:56:47 cycle 1  NAV 4483.27  idle 4483.27  resting 0.00  share 0.957070
2026-08-31 04:11:03 vault    0x2314436ed2BDC44321c74EF43adA14CAE723D352
2026-08-31 04:11:03 operator 0x39D2bae5EAedA9283535dDC98F1991c81eD5Cd7E
2026-08-31 04:11:03 interval 30s  active 3  size 100 (x0.5 on 900s)  dead 6 ticks  momentum 3 ticks/20s  gas floor 0.5 STT  1 cycles
2026-08-31 04:11:59 tiers    quoting 14400s, 900s only — 3600s and 86400s are left alone on the ledger's record
2026-08-31 04:12:00 sampled  2 books in 0.4s; second look in 20s
2026-08-31 04:12:21 skip     ETH-0-31AUG26-0800/tUSDC  mid moved 25 ticks in 20s — trending, not quoting
2026-08-31 04:12:21 skip     BTC-0-31AUG26-0800/tUSDC  mid moved 18 ticks in 20s — trending, not quoting
2026-08-31 04:12:24 cycle 1  NAV 4483.27  idle 4483.27  resting 0.00  share 0.957070
2026-08-31 04:26:03 vault    0x2314436ed2BDC44321c74EF43adA14CAE723D352
2026-08-31 04:26:03 operator 0x39D2bae5EAedA9283535dDC98F1991c81eD5Cd7E
2026-08-31 04:26:03 interval 30s  active 3  size 100 (x0.5 on 900s)  dead 6 ticks  momentum 3 ticks/20s  gas floor 0.5 STT  1 cycles
2026-08-31 04:26:40 tiers    quoting 14400s, 900s only — 3600s and 86400s are left alone on the ledger's record
2026-08-31 04:26:41 sampled  2 books in 0.3s; second look in 20s
2026-08-31 04:27:01 skip     ETH-0-31AUG26-0800/tUSDC  mid moved 16 ticks in 20s — trending, not quoting
2026-08-31 04:27:01 skip     BTC-0-31AUG26-0800/tUSDC  mid moved 11 ticks in 20s — trending, not quoting
2026-08-31 04:27:05 cycle 1  NAV 4483.27  idle 4483.27  resting 0.00  share 0.957070
2026-08-31 04:41:02 vault    0x2314436ed2BDC44321c74EF43adA14CAE723D352
2026-08-31 04:41:02 operator 0x39D2bae5EAedA9283535dDC98F1991c81eD5Cd7E
2026-08-31 04:41:02 interval 30s  active 3  size 100 (x0.5 on 900s)  dead 6 ticks  momentum 3 ticks/20s  gas floor 0.5 STT  1 cycles
2026-08-31 04:41:02 fv       OFF  quoting off the incumbent's book alone (set FAIR_VALUE=1 for the model)
2026-08-31 04:41:37 tiers    quoting 14400s, 900s only — 3600s and 86400s are left alone on the ledger's record
2026-08-31 04:41:38 sampled  2 books in 0.3s; second look in 20s
2026-08-31 04:41:58 skip     BTC-0-31AUG26-0800/tUSDC  mid moved 28 ticks in 20s — trending, not quoting
2026-08-31 04:41:58 skip     ETH-0-31AUG26-0800/tUSDC  mid moved 25 ticks in 20s — trending, not quoting
2026-08-31 04:42:03 cycle 1  NAV 4483.27  idle 4483.27  resting 0.00  share 0.957070
2026-08-31 04:56:02 vault    0x2314436ed2BDC44321c74EF43adA14CAE723D352
2026-08-31 04:56:02 operator 0x39D2bae5EAedA9283535dDC98F1991c81eD5Cd7E
2026-08-31 04:56:02 interval 30s  active 3  size 100 (x0.5 on 900s)  dead 6 ticks  momentum 3 ticks/20s  gas floor 0.5 STT  1 cycles
2026-08-31 04:56:02 fv       OFF  quoting off the incumbent's book alone (set FAIR_VALUE=1 for the model)
2026-08-31 04:56:37 tiers    quoting 14400s, 900s only — 3600s and 86400s are left alone on the ledger's record
2026-08-31 04:56:38 sampled  1 books in 0.4s; second look in 20s
2026-08-31 04:56:59 skip     ETH-0-31AUG26-0800/tUSDC  mid moved 31 ticks in 20s — trending, not quoting
2026-08-31 04:57:02 cycle 1  NAV 4451.57  idle 4388.27  resting 63.30  share 0.950303
2026-08-31 05:11:02 vault    0x2314436ed2BDC44321c74EF43adA14CAE723D352
2026-08-31 05:11:02 operator 0x39D2bae5EAedA9283535dDC98F1991c81eD5Cd7E
2026-08-31 05:11:02 interval 30s  active 3  size 100 (x0.5 on 900s)  dead 6 ticks  momentum 3 ticks/20s  gas floor 0.5 STT  1 cycles
2026-08-31 05:11:02 fv       OFF  quoting off the incumbent's book alone (set FAIR_VALUE=1 for the model)
2026-08-31 05:11:34 slot 0: complete set held, book 62 ticks from our mid — flattening
2026-08-31 05:11:37 flatten  slot 0 e8ae  worked  0x404ae14e8bd411e54e21a41570580f9a4760e3ef9e7af1f798c3dab89605ca6e  gas 808819
2026-08-31 05:11:42 tiers    quoting 14400s, 900s only — 3600s and 86400s are left alone on the ledger's record
2026-08-31 05:11:42 sampled  1 books in 0.4s; second look in 20s
2026-08-31 05:12:03 skip     ETH-0-31AUG26-0800/tUSDC  mid moved 17 ticks in 20s — trending, not quoting
2026-08-31 05:12:07 cycle 1  NAV 4488.27  idle 4488.27  resting 0.00  share 0.958137
2026-08-31 05:26:02 vault    0x2314436ed2BDC44321c74EF43adA14CAE723D352
2026-08-31 05:26:02 operator 0x39D2bae5EAedA9283535dDC98F1991c81eD5Cd7E
2026-08-31 05:26:02 interval 30s  active 3  size 100 (x0.5 on 900s)  dead 6 ticks  momentum 3 ticks/20s  gas floor 0.5 STT  1 cycles
2026-08-31 05:26:02 fv       OFF  quoting off the incumbent's book alone (set FAIR_VALUE=1 for the model)
2026-08-31 05:26:39 tiers    quoting 14400s, 900s only — 3600s and 86400s are left alone on the ledger's record
2026-08-31 05:26:39 sampled  2 books in 0.3s; second look in 20s
2026-08-31 05:27:00 quote    slot 0 ETH-0-31AUG26-0800/tUSDC  theirs 0.760/0.786  ours 0.762/0.784  size 100  escrow 97.80  (mid still, 1 ticks)
2026-08-31 05:27:04 quote    slot 0 e8af  worked  0xc075f6a358acdd85afd02a8821fb8164055af93eed7fe5c8d18661bd6d0c23bd  gas 592266
2026-08-31 05:27:05 arm      08:05:15Z  already armed; one callback covers every slot
2026-08-31 05:27:05 quote    slot 1 BTC-0-31AUG26-0800/tUSDC  theirs 0.754/0.781  ours 0.756/0.778  size 100  escrow 97.80  (mid still, 1 ticks)
2026-08-31 05:27:09 quote    slot 1 e8ae  worked  0xbb20041efee588413ac133dacc6e25d0ffa2b5b65afa137ca7af01c2c43893dc  gas 592397
2026-08-31 05:27:10 arm      08:05:15Z  already armed; one callback covers every slot
2026-08-31 05:27:13 cycle 1  NAV 4412.07  idle 4292.67  resting 119.40  share 0.941871
2026-08-31 05:41:02 vault    0x2314436ed2BDC44321c74EF43adA14CAE723D352
2026-08-31 05:41:02 operator 0x39D2bae5EAedA9283535dDC98F1991c81eD5Cd7E
2026-08-31 05:41:02 interval 30s  active 3  size 100 (x0.5 on 900s)  dead 6 ticks  momentum 3 ticks/20s  gas floor 0.5 STT  1 cycles
2026-08-31 05:41:02 fv       OFF  quoting off the incumbent's book alone (set FAIR_VALUE=1 for the model)
2026-08-31 05:41:52 tiers    quoting 14400s, 900s only — 3600s and 86400s are left alone on the ledger's record
2026-08-31 05:41:52 sampled  0 books in 0.0s; second look in 20s
2026-08-31 05:41:57 cycle 1  NAV 4336.47  idle 4292.67  resting 43.80  share 0.925732
2026-08-31 05:56:02 vault    0x2314436ed2BDC44321c74EF43adA14CAE723D352
2026-08-31 05:56:02 operator 0x39D2bae5EAedA9283535dDC98F1991c81eD5Cd7E
2026-08-31 05:56:02 interval 30s  active 3  size 100 (x0.5 on 900s)  dead 6 ticks  momentum 3 ticks/20s  gas floor 0.5 STT  1 cycles
2026-08-31 05:56:02 fv       OFF  quoting off the incumbent's book alone (set FAIR_VALUE=1 for the model)
2026-08-31 05:56:36 slot 0: complete set held, book 49 ticks from our mid — flattening
2026-08-31 05:56:40 flatten  slot 0 e8af  worked  0xfd4ccca91267da1c43dc2f19060d740958fe559dc535d0bc514be629b403de19  gas 408819
2026-08-31 05:56:43 slot 1: complete set held, book 8 ticks from our mid — flattening
2026-08-31 05:56:46 flatten  slot 1 e8ae  worked  0x11148b153411f4b76131bccaa8cba83356444b2e111ed99f85579ca8ff893137  gas 408819
2026-08-31 05:56:51 tiers    quoting 14400s, 900s only — 3600s and 86400s are left alone on the ledger's record
2026-08-31 05:56:51 sampled  0 books in 0.0s; second look in 20s
2026-08-31 05:56:56 cycle 1  NAV 4492.67  idle 4492.67  resting 0.00  share 0.959077
2026-08-31 06:11:02 vault    0x2314436ed2BDC44321c74EF43adA14CAE723D352
2026-08-31 06:11:02 operator 0x39D2bae5EAedA9283535dDC98F1991c81eD5Cd7E
2026-08-31 06:11:02 interval 30s  active 3  size 100 (x0.5 on 900s)  dead 6 ticks  momentum 3 ticks/20s  gas floor 0.5 STT  1 cycles
2026-08-31 06:11:02 fv       OFF  quoting off the incumbent's book alone (set FAIR_VALUE=1 for the model)
2026-08-31 06:11:37 tiers    quoting 14400s, 900s only — 3600s and 86400s are left alone on the ledger's record
2026-08-31 06:11:38 sampled  2 books in 0.3s; second look in 20s
2026-08-31 06:11:58 skip     ETH-0-31AUG26-0800/tUSDC  mid moved 8 ticks in 20s — trending, not quoting
2026-08-31 06:11:58 skip     BTC-0-31AUG26-0800/tUSDC  mid moved 15 ticks in 20s — trending, not quoting
2026-08-31 06:12:02 cycle 1  NAV 4492.67  idle 4492.67  resting 0.00  share 0.959077
2026-08-31 06:26:02 vault    0x2314436ed2BDC44321c74EF43adA14CAE723D352
2026-08-31 06:26:02 operator 0x39D2bae5EAedA9283535dDC98F1991c81eD5Cd7E
2026-08-31 06:26:02 interval 30s  active 3  size 100 (x0.5 on 900s)  dead 6 ticks  momentum 3 ticks/20s  gas floor 0.5 STT  1 cycles
2026-08-31 06:26:02 fv       OFF  quoting off the incumbent's book alone (set FAIR_VALUE=1 for the model)
2026-08-31 06:26:37 tiers    quoting 14400s, 900s only — 3600s and 86400s are left alone on the ledger's record
2026-08-31 06:26:38 sampled  2 books in 0.3s; second look in 20s
2026-08-31 06:26:58 skip     ETH-0-31AUG26-0800/tUSDC  mid 0.929 — priced as near-certain, no two-sided trade here
2026-08-31 06:26:58 skip     BTC-0-31AUG26-0800/tUSDC  mid moved 5 ticks in 20s — trending, not quoting
2026-08-31 06:27:02 cycle 1  NAV 4492.67  idle 4492.67  resting 0.00  share 0.959077
2026-08-31 06:41:02 vault    0x2314436ed2BDC44321c74EF43adA14CAE723D352
2026-08-31 06:41:02 operator 0x39D2bae5EAedA9283535dDC98F1991c81eD5Cd7E
2026-08-31 06:41:02 interval 30s  active 3  size 100 (x0.5 on 900s)  dead 6 ticks  momentum 3 ticks/20s  gas floor 0.5 STT  1 cycles
2026-08-31 06:41:02 fv       OFF  quoting off the incumbent's book alone (set FAIR_VALUE=1 for the model)
2026-08-31 06:41:39 tiers    quoting 14400s, 900s only — 3600s and 86400s are left alone on the ledger's record
2026-08-31 06:41:39 sampled  2 books in 0.3s; second look in 20s
2026-08-31 06:42:00 skip     ETH-0-31AUG26-0800/tUSDC  mid 0.948 — priced as near-certain, no two-sided trade here
2026-08-31 06:42:00 quote    slot 0 BTC-0-31AUG26-0800/tUSDC  theirs 0.887/0.911  ours 0.889/0.909  size 100  escrow 98.00  (mid still, 2 ticks)
2026-08-31 06:42:03 quote    slot 0 e8ae  worked  0xf0c49fe9e0894541b9f0ce00562434bc10e157501d33412c2129784b82695038  gas 549802
2026-08-31 06:42:04 arm      08:05:15Z  already armed; one callback covers every slot
2026-08-31 06:42:08 cycle 1  NAV 4492.67  idle 4394.67  resting 98.00  share 0.959077
2026-08-31 06:56:02 vault    0x2314436ed2BDC44321c74EF43adA14CAE723D352
2026-08-31 06:56:02 operator 0x39D2bae5EAedA9283535dDC98F1991c81eD5Cd7E
2026-08-31 06:56:02 interval 30s  active 3  size 100 (x0.5 on 900s)  dead 6 ticks  momentum 3 ticks/20s  gas floor 0.5 STT  1 cycles
2026-08-31 06:56:02 fv       OFF  quoting off the incumbent's book alone (set FAIR_VALUE=1 for the model)
2026-08-31 06:56:42 tiers    quoting 14400s, 900s only — 3600s and 86400s are left alone on the ledger's record
2026-08-31 06:56:43 sampled  1 books in 0.4s; second look in 20s
2026-08-31 06:57:04 skip     ETH-0-31AUG26-0800/tUSDC  mid 0.970 — priced as near-certain, no two-sided trade here
2026-08-31 06:57:07 cycle 1  NAV 4494.67  idle 4394.67  resting 0.00  share 0.959504
2026-08-31 08:53:57 vault    0x2314436ed2BDC44321c74EF43adA14CAE723D352
2026-08-31 08:53:57 operator 0x39D2bae5EAedA9283535dDC98F1991c81eD5Cd7E
2026-08-31 08:53:57 interval 30s  active 3  size 100 (x0.5 on 900s)  dead 6 ticks  momentum 3 ticks/20s  gas floor 0.5 STT  1 cycles
2026-08-31 08:53:57 fv       OFF  quoting off the incumbent's book alone (set FAIR_VALUE=1 for the model)
2026-08-31 08:54:38 tiers    quoting 14400s, 900s only — 3600s and 86400s are left alone on the ledger's record
2026-08-31 08:54:38 sampled  2 books in 0.4s; second look in 20s
2026-08-31 08:54:59 skip     ETH-0-31AUG26-1200/tUSDC  mid moved 4 ticks in 20s — trending, not quoting
2026-08-31 08:54:59 skip     BTC-0-31AUG26-1200/tUSDC  mid moved 5 ticks in 20s — trending, not quoting
2026-08-31 08:55:03 cycle 1  NAV 4494.67  idle 4494.67  resting 0.00  share 0.959504
2026-08-31 08:56:09 vault    0x2314436ed2BDC44321c74EF43adA14CAE723D352
2026-08-31 08:56:09 operator 0x39D2bae5EAedA9283535dDC98F1991c81eD5Cd7E
2026-08-31 08:56:09 interval 30s  active 3  size 100 (x0.5 on 900s)  dead 6 ticks  momentum 3 ticks/20s  gas floor 0.5 STT  1 cycles
2026-08-31 08:56:09 fv       OFF  quoting off the incumbent's book alone (set FAIR_VALUE=1 for the model)
2026-08-31 08:56:47 tiers    quoting 14400s, 900s only — 3600s and 86400s are left alone on the ledger's record
2026-08-31 08:56:47 sampled  2 books in 0.4s; second look in 20s
2026-08-31 08:57:08 skip     ETH-0-31AUG26-1200/tUSDC  mid moved 6 ticks in 20s — trending, not quoting
2026-08-31 08:57:08 skip     BTC-0-31AUG26-1200/tUSDC  mid moved 4 ticks in 20s — trending, not quoting
2026-08-31 08:57:12 cycle 1  NAV 4494.67  idle 4494.67  resting 0.00  share 0.959504
2026-08-31 09:11:02 vault    0x2314436ed2BDC44321c74EF43adA14CAE723D352
2026-08-31 09:11:02 operator 0x39D2bae5EAedA9283535dDC98F1991c81eD5Cd7E
2026-08-31 09:11:02 interval 30s  active 3  size 100 (x0.5 on 900s)  dead 6 ticks  momentum 3 ticks/20s  gas floor 0.5 STT  1 cycles
2026-08-31 09:11:02 fv       OFF  quoting off the incumbent's book alone (set FAIR_VALUE=1 for the model)
2026-08-31 09:11:38 tiers    quoting 14400s, 900s only — 3600s and 86400s are left alone on the ledger's record
2026-08-31 09:11:38 sampled  2 books in 0.3s; second look in 20s
2026-08-31 09:11:59 skip     ETH-0-31AUG26-1200/tUSDC  mid moved 6 ticks in 20s — trending, not quoting
2026-08-31 09:11:59 quote    slot 0 BTC-0-31AUG26-1200/tUSDC  theirs 0.790/0.815  ours 0.792/0.812  size 100  escrow 98.00  (mid still, 2 ticks)
2026-08-31 09:12:03 quote    slot 0 eb78  worked  0x86a06617f42c8ffa9bcbf2e0f51b1f0f98904ad7a828abc3ae3cf56e6e08d7a4  gas 592266
2026-08-31 09:12:10 arm      12:05:15Z  worked  0x812035a7103542e0ccb16f2a4b59c3f6588532eaf0e24c55eb5839703f7cd11f  gas 465755
2026-08-31 09:12:14 cycle 1  NAV 4494.67  idle 4396.67  resting 98.00  share 0.959504
2026-08-31 09:12:14 vault    0x2314436ed2BDC44321c74EF43adA14CAE723D352
2026-08-31 09:12:14 operator 0x39D2bae5EAedA9283535dDC98F1991c81eD5Cd7E
2026-08-31 09:12:14 interval 30s  active 3  size 100 (x0.5 on 900s)  dead 6 ticks  momentum 3 ticks/20s  gas floor 0.5 STT  1 cycles
2026-08-31 09:12:14 fv       ON  refuse over 0.1 of edge, skew up to 3 ticks toward fair; no model means book-only and a log line saying so
2026-08-31 09:12:51 tiers    quoting 14400s, 900s only — 3600s and 86400s are left alone on the ledger's record
2026-08-31 09:12:51 sampled  1 books in 0.4s; second look in 20s
2026-08-31 09:13:13 fv       ETH-0-31AUG26-1200/tUSDC  fair 0.574  spot 2445.20 strike 2440.34 (feed tick at tradingStart+0s)  sigma 57.9% on 239 M1 returns (lambda 0.94)  10008s left  d2 0.188  feed 0s old  book mid 0.611  edge 0.036
2026-08-31 09:13:13 quote    slot 0 ETH-0-31AUG26-1200/tUSDC  theirs 0.596/0.625  ours 0.595/0.619  size 100  escrow 97.60  (mid still, 0 ticks)  skew -3 ticks toward fair
2026-08-31 09:13:17 quote    slot 0 eb79  worked  0xb76cd230c84e172e021893be968f315ab6e8fde1dc4097b773e196ce85591ad5  gas 992266
2026-08-31 09:13:18 arm      12:05:15Z  already armed; one callback covers every slot
2026-08-31 09:13:21 cycle 1  NAV 4494.67  idle 4397.07  resting 97.60  share 0.959504
2026-08-31 09:12:22 vault    0x2314436ed2BDC44321c74EF43adA14CAE723D352
2026-08-31 09:12:22 operator 0x39D2bae5EAedA9283535dDC98F1991c81eD5Cd7E
2026-08-31 09:12:22 interval 30s  active 3  size 100 (x0.5 on 900s)  dead 6 ticks  momentum 3 ticks/20s  gas floor 0.5 STT  1 cycles
2026-08-31 09:12:22 fv       ON  refuse over 0.1 of edge, skew up to 3 ticks toward fair; no model means book-only and a log line saying so
2026-08-31 09:12:58 slot 0: no fills, book 9 ticks away — pulling the quote
2026-08-31 09:13:02 cancel   slot 0 eb78  worked  0x7e2a9fc01852d933f140119d185fe115da48990936fe7282ad165204b5b94bbd  gas 403996
2026-08-31 09:13:08 tiers    quoting 14400s, 900s only — 3600s and 86400s are left alone on the ledger's record
2026-08-31 09:13:08 sampled  2 books in 0.4s; second look in 20s
2026-08-31 09:13:31 fv       ETH-0-31AUG26-1200/tUSDC  fair 0.572  spot 2444.99 strike 2440.34 (feed tick at tradingStart+0s)  sigma 57.7% on 239 M1 returns (lambda 0.94)  9990s left  d2 0.180  feed 0s old  book mid 0.609  edge 0.037
2026-08-31 09:13:31 skip     ETH-0-31AUG26-1200/tUSDC  mid moved 9 ticks in 20s — trending, not quoting
2026-08-31 09:13:31 fv       BTC-0-31AUG26-1200/tUSDC  fair 0.674  spot 78610.55 strike 78196.52 (feed tick at tradingStart+0s)  sigma 64.8% on 239 M1 returns (lambda 0.94)  9989s left  d2 0.452  feed 1s old  book mid 0.805  edge 0.131
2026-08-31 09:13:31 skip     BTC-0-31AUG26-1200/tUSDC  book mid 0.805 vs fair 0.674 — 0.131 apart, over FV_MAX_EDGE 0.1; one of us is wrong and the spread will not pay for finding out which
2026-08-31 09:13:34 cycle 1  NAV 4494.67  idle 4397.07  resting 97.60  share 0.959504
2026-08-31 09:26:02 vault    0x2314436ed2BDC44321c74EF43adA14CAE723D352
2026-08-31 09:26:02 operator 0x39D2bae5EAedA9283535dDC98F1991c81eD5Cd7E
2026-08-31 09:26:02 interval 30s  active 3  size 100 (x0.5 on 900s)  dead 6 ticks  momentum 3 ticks/20s  gas floor 0.5 STT  1 cycles
2026-08-31 09:26:02 fv       ON  refuse over 0.1 of edge, skew up to 3 ticks toward fair; no model means book-only and a log line saying so
2026-08-31 09:26:43 tiers    quoting 14400s, 900s only — 3600s and 86400s are left alone on the ledger's record
2026-08-31 09:26:44 sampled  1 books in 0.3s; second look in 20s
2026-08-31 09:27:06 fv       BTC-0-31AUG26-1200/tUSDC  fair 0.772  spot 78697.03 strike 78196.52 (feed tick at tradingStart+0s)  sigma 49.8% on 239 M1 returns (lambda 0.94)  9175s left  d2 0.746  feed 0s old  book mid 0.850  edge 0.078
2026-08-31 09:27:06 skip     BTC-0-31AUG26-1200/tUSDC  mid moved 11 ticks in 20s — trending, not quoting
2026-08-31 09:27:09 cycle 1  NAV 4456.57  idle 4397.07  resting 59.50  share 0.951370
2026-08-31 09:41:02 vault    0x2314436ed2BDC44321c74EF43adA14CAE723D352
2026-08-31 09:41:02 operator 0x39D2bae5EAedA9283535dDC98F1991c81eD5Cd7E
2026-08-31 09:41:02 interval 30s  active 3  size 100 (x0.5 on 900s)  dead 6 ticks  momentum 3 ticks/20s  gas floor 0.5 STT  1 cycles
2026-08-31 09:41:02 fv       ON  refuse over 0.1 of edge, skew up to 3 ticks toward fair; no model means book-only and a log line saying so
2026-08-31 09:41:44 tiers    quoting 14400s, 900s only — 3600s and 86400s are left alone on the ledger's record
2026-08-31 09:41:44 sampled  1 books in 0.3s; second look in 20s
2026-08-31 09:42:08 fv       BTC-0-31AUG26-1200/tUSDC  fair 0.835  spot 78634.31 strike 78196.52 (feed tick at tradingStart+0s)  sigma 35.3% on 239 M1 returns (lambda 0.94)  8274s left  d2 0.974  feed 0s old  book mid 0.890  edge 0.055
2026-08-31 09:42:08 skip     BTC-0-31AUG26-1200/tUSDC  mid moved 11 ticks in 20s — trending, not quoting
2026-08-31 09:42:10 cycle 1  NAV 4456.57  idle 4397.07  resting 59.50  share 0.951370
2026-08-31 09:50:55 vault    0x2c96022771e8368283F8909C9a1923a4De9781E7
2026-08-31 09:50:55 operator 0x39D2bae5EAedA9283535dDC98F1991c81eD5Cd7E
2026-08-31 09:50:55 interval 30s  active 3  size 100 (x0.5 on 900s)  dead 6 ticks  momentum 3 ticks/20s  gas floor 0.5 STT  1 cycles
2026-08-31 09:50:55 fv       ON  refuse over 0.1 of edge, skew up to 3 ticks toward fair; no model means book-only and a log line saying so
2026-08-31 09:51:43 tiers    quoting 14400s, 900s only — 3600s and 86400s are left alone on the ledger's record
2026-08-31 09:51:43 sampled  2 books in 0.4s; second look in 20s
2026-08-31 09:52:06 fv       ETH-0-31AUG26-1200/tUSDC  fair 0.673  spot 2447.73 strike 2440.34 (feed tick at tradingStart+0s)  sigma 42.9% on 239 M1 returns (lambda 0.94)  7676s left  d2 0.448  feed 1s old  book mid 0.710  edge 0.037
2026-08-31 09:52:06 skip     ETH-0-31AUG26-1200/tUSDC  mid moved 10 ticks in 20s — trending, not quoting
2026-08-31 09:52:07 fv       BTC-0-31AUG26-1200/tUSDC  fair 0.818  spot 78581.10 strike 78196.52 (feed tick at tradingStart+0s)  sigma 34.6% on 239 M1 returns (lambda 0.94)  7674s left  d2 0.906  feed 1s old  book mid 0.872  edge 0.054
2026-08-31 09:52:07 quote    slot 0 BTC-0-31AUG26-1200/tUSDC  theirs 0.862/0.882  ours 0.861/0.877  size 100  escrow 98.40  (mid still, 2 ticks)  skew -3 ticks toward fair
2026-08-31 09:52:10 quote    slot 0 eb78  worked  0x5de251b2a64e024389efa8df8ced3b1c42144b1543632b70069e955aa37e7993  gas 2995737
2026-08-31 09:52:14 arm      12:05:15Z  worked  0x42d24fe217af06d0f6a77997ba8bf19048008abe93eef259440a4fc574230cde  gas 467050
2026-08-31 09:52:17 cycle 1  NAV 9458.87  idle 9360.47  resting 98.40  share 1.000000
2026-08-31 09:56:02 vault    0x2c96022771e8368283F8909C9a1923a4De9781E7
2026-08-31 09:56:02 operator 0x39D2bae5EAedA9283535dDC98F1991c81eD5Cd7E
2026-08-31 09:56:02 interval 30s  active 3  size 100 (x0.5 on 900s)  dead 6 ticks  momentum 3 ticks/20s  gas floor 0.5 STT  1 cycles
2026-08-31 09:56:02 fv       ON  refuse over 0.1 of edge, skew up to 3 ticks toward fair; no model means book-only and a log line saying so
2026-08-31 09:57:02 tiers    quoting 14400s, 900s only — 3600s and 86400s are left alone on the ledger's record
2026-08-31 09:57:03 sampled  1 books in 0.4s; second look in 20s
2026-08-31 09:57:43 fv       ETH-0-31AUG26-1200/tUSDC  fair 0.662  spot 2446.38 strike 2440.34 (feed tick at tradingStart+0s)  sigma 38.4% on 239 M1 returns (lambda 0.94)  7355s left  d2 0.419  feed 0s old  book mid 0.703  edge 0.041
2026-08-31 09:57:43 skip     ETH-0-31AUG26-1200/tUSDC  mid moved 12 ticks in 20s — trending, not quoting
2026-08-31 09:57:46 cycle 1  NAV 9458.87  idle 9360.47  resting 98.40  share 1.000000
2026-08-31 10:11:11 vault    0x2c96022771e8368283F8909C9a1923a4De9781E7
2026-08-31 10:11:11 operator 0x39D2bae5EAedA9283535dDC98F1991c81eD5Cd7E
2026-08-31 10:11:11 interval 30s  active 3  size 100 (x0.5 on 900s)  dead 6 ticks  momentum 3 ticks/20s  gas floor 0.5 STT  1 cycles
2026-08-31 10:11:11 fv       ON  refuse over 0.1 of edge, skew up to 3 ticks toward fair; no model means book-only and a log line saying so
2026-08-31 10:11:57 tiers    quoting 14400s, 900s only — 3600s and 86400s are left alone on the ledger's record
2026-08-31 10:11:58 sampled  1 books in 0.4s; second look in 20s
2026-08-31 10:12:21 fv       ETH-0-31AUG26-1200/tUSDC  fair 0.667  spot 2446.23 strike 2440.34 (feed tick at tradingStart+0s)  sigma 38.9% on 239 M1 returns (lambda 0.94)  6461s left  d2 0.431  feed 1s old  book mid 0.706  edge 0.039
2026-08-31 10:12:21 skip     ETH-0-31AUG26-1200/tUSDC  mid moved 14 ticks in 20s — trending, not quoting
2026-08-31 10:12:23 cycle 1  NAV 9372.77  idle 9360.47  resting 12.30  share 0.990897
2026-08-31 10:26:02 vault    0x2c96022771e8368283F8909C9a1923a4De9781E7
2026-08-31 10:26:02 operator 0x39D2bae5EAedA9283535dDC98F1991c81eD5Cd7E
2026-08-31 10:26:02 interval 30s  active 3  size 100 (x0.5 on 900s)  dead 6 ticks  momentum 3 ticks/20s  gas floor 0.5 STT  1 cycles
2026-08-31 10:26:02 fv       ON  refuse over 0.1 of edge, skew up to 3 ticks toward fair; no model means book-only and a log line saying so
2026-08-31 10:26:50 tiers    quoting 14400s, 900s only — 3600s and 86400s are left alone on the ledger's record
2026-08-31 10:26:51 sampled  1 books in 0.3s; second look in 20s
2026-08-31 10:27:15 fv       ETH-0-31AUG26-1200/tUSDC  fair 0.761  spot 2448.29 strike 2440.34 (feed tick at tradingStart+0s)  sigma 34.4% on 239 M1 returns (lambda 0.94)  5568s left  d2 0.708  feed 0s old  book mid 0.788  edge 0.027
2026-08-31 10:27:15 quote    slot 1 ETH-0-31AUG26-1200/tUSDC  theirs 0.775/0.801  ours 0.774/0.796  size 100  escrow 97.80  (mid still, 0 ticks)  skew -3 ticks toward fair
2026-08-31 10:27:18 quote    slot 1 eb79  worked  0x23b6453bac37b70e32a9c264f79d17681034982c1001f78e02fc78597952fe65  gas 2995933
2026-08-31 10:27:19 arm      12:05:15Z  already armed; one callback covers every slot
2026-08-31 10:27:23 cycle 1  NAV 9372.77  idle 9262.67  resting 110.10  share 0.990897
2026-08-31 10:38:55 vault    0x2c96022771e8368283F8909C9a1923a4De9781E7
2026-08-31 10:38:55 operator 0x39D2bae5EAedA9283535dDC98F1991c81eD5Cd7E
2026-08-31 10:38:55 interval 30s  active 3  size 100 (x0.5 on 900s)  dead 6 ticks  momentum 3 ticks/20s  gas floor 0.5 STT  1 cycles
2026-08-31 10:38:55 fv       ON  refuse over 0.1 of edge, skew up to 3 ticks toward fair; no model means book-only and a log line saying so
2026-08-31 10:39:39 slot 0: complete set held, book 55 ticks from our mid — flattening
2026-08-31 10:39:42 flatten  slot 0 eb78  worked  0x443f698fea26eadaf75dd7877202e7b259b6087d117b05e8130f781bf5871405  gas 810582
2026-08-31 10:39:45 slot 1: complete set held, book 78 ticks from our mid — flattening
2026-08-31 10:39:47 flatten  slot 1 eb79  worked  0xd61055964589d3ba317c80a35641135317693bdc84e985664be5574013b42d3f  gas 810582
2026-08-31 10:39:53 tiers    quoting 14400s, 900s only — 3600s and 86400s are left alone on the ledger's record
2026-08-31 10:39:53 sampled  0 books in 0.0s; second look in 20s
2026-08-31 10:39:57 cycle 1  NAV 9462.67  idle 9462.67  resting 0.00  share 1.000402
2026-08-31 10:41:02 vault    0x2c96022771e8368283F8909C9a1923a4De9781E7
2026-08-31 10:41:02 operator 0x39D2bae5EAedA9283535dDC98F1991c81eD5Cd7E
2026-08-31 10:41:02 interval 30s  active 3  size 100 (x0.5 on 900s)  dead 6 ticks  momentum 3 ticks/20s  gas floor 0.5 STT  1 cycles
2026-08-31 10:41:02 fv       ON  refuse over 0.1 of edge, skew up to 3 ticks toward fair; no model means book-only and a log line saying so
2026-08-31 10:41:53 tiers    quoting 14400s, 900s only — 3600s and 86400s are left alone on the ledger's record
2026-08-31 10:41:54 sampled  2 books in 0.4s; second look in 20s
2026-08-31 10:42:16 fv       ETH-0-31AUG26-1200/tUSDC  fair 0.777  spot 2448.87 strike 2440.34 (feed tick at tradingStart+0s)  sigma 37.5% on 239 M1 returns (half-life 78m, lambda 0.9911)  4665s left  d2 0.763  feed 0s old  book mid 0.839  edge 0.062
2026-08-31 10:42:16 skip     ETH-0-31AUG26-1200/tUSDC  mid moved 7 ticks in 20s — trending, not quoting
2026-08-31 10:42:16 fv       BTC-0-31AUG26-1200/tUSDC  fair 0.788  spot 78458.95 strike 78196.52 (feed tick at tradingStart+0s)  sigma 34.4% on 239 M1 returns (half-life 78m, lambda 0.9911)  4664s left  d2 0.800  feed 1s old  book mid 0.887  edge 0.098
2026-08-31 10:42:16 skip     BTC-0-31AUG26-1200/tUSDC  mid moved 4 ticks in 20s — trending, not quoting
2026-08-31 10:42:20 cycle 1  NAV 9462.67  idle 9462.67  resting 0.00  share 1.000402
2026-08-31 10:57:00 vault    0x2c96022771e8368283F8909C9a1923a4De9781E7
2026-08-31 10:57:00 operator 0x39D2bae5EAedA9283535dDC98F1991c81eD5Cd7E
2026-08-31 10:57:00 interval 30s  active 3  size 100 (x0.5 on 900s)  dead 6 ticks  momentum 3 ticks/20s  gas floor 0.5 STT  1 cycles
2026-08-31 10:57:00 fv       ON  refuse over 0.1 of edge, skew up to 3 ticks toward fair; no model means book-only and a log line saying so
2026-08-31 10:58:56 tiers    quoting 14400s, 900s only — 3600s and 86400s are left alone on the ledger's record
2026-08-31 10:58:56 sampled  2 books in 0.4s; second look in 20s
2026-08-31 10:59:23 fv       ETH-0-31AUG26-1200/tUSDC  fair 0.930  spot 2454.55 strike 2440.34 (feed tick at tradingStart+0s)  sigma 36.5% on 239 M1 returns (half-life 61m, lambda 0.9886)  3642s left  d2 1.478  feed 0s old  book mid 0.941  edge 0.011
2026-08-31 10:59:23 skip     ETH-0-31AUG26-1200/tUSDC  mid 0.941 — priced as near-certain, no two-sided trade here
2026-08-31 10:59:24 fv       BTC-0-31AUG26-1200/tUSDC  fair 0.954  spot 78660.48 strike 78196.52 (feed tick at tradingStart+0s)  sigma 32.6% on 239 M1 returns (half-life 61m, lambda 0.9886)  3637s left  d2 1.688  feed 2s old  book mid 0.980  edge 0.025
2026-08-31 10:59:24 skip     BTC-0-31AUG26-1200/tUSDC  mid 0.980 — priced as near-certain, no two-sided trade here
2026-08-31 10:59:28 cycle 1  NAV 9462.67  idle 9462.67  resting 0.00  share 1.000402
2026-08-31 11:11:02 vault    0x2c96022771e8368283F8909C9a1923a4De9781E7
2026-08-31 11:11:02 operator 0x39D2bae5EAedA9283535dDC98F1991c81eD5Cd7E
2026-08-31 11:11:02 interval 30s  active 3  size 100 (x0.5 on 900s)  dead 6 ticks  momentum 3 ticks/20s  gas floor 0.5 STT  1 cycles
2026-08-31 11:11:02 fv       ON  refuse over 0.1 of edge, skew up to 3 ticks toward fair; no model means book-only and a log line saying so
2026-08-31 11:11:59 tiers    quoting 14400s, 900s only — 3600s and 86400s are left alone on the ledger's record
2026-08-31 11:11:59 sampled  0 books in 0.0s; second look in 20s
2026-08-31 11:12:03 cycle 1  NAV 9462.67  idle 9462.67  resting 0.00  share 1.000402
2026-08-31 11:26:16 vault    0x2c96022771e8368283F8909C9a1923a4De9781E7
2026-08-31 11:26:16 operator 0x39D2bae5EAedA9283535dDC98F1991c81eD5Cd7E
2026-08-31 11:26:16 interval 30s  active 3  size 100 (x0.5 on 900s)  dead 6 ticks  momentum 3 ticks/20s  gas floor 0.5 STT  1 cycles
2026-08-31 11:26:16 fv       ON  refuse over 0.1 of edge, skew up to 3 ticks toward fair; no model means book-only and a log line saying so
2026-08-31 11:27:08 tiers    quoting 14400s, 900s only — 3600s and 86400s are left alone on the ledger's record
2026-08-31 11:27:08 sampled  0 books in 0.0s; second look in 20s
2026-08-31 11:27:11 cycle 1  NAV 9462.67  idle 9462.67  resting 0.00  share 1.000402
2026-08-31 11:43:02 vault    0x2c96022771e8368283F8909C9a1923a4De9781E7
2026-08-31 11:43:02 operator 0x39D2bae5EAedA9283535dDC98F1991c81eD5Cd7E
2026-08-31 11:43:02 interval 30s  active 3  size 100 (x0.5 on 900s)  dead 6 ticks  momentum 3 ticks/20s  gas floor 0.5 STT  1 cycles
2026-08-31 11:43:02 fv       ON  refuse over 0.1 of edge, skew up to 3 ticks toward fair; no model means book-only and a log line saying so
2026-08-31 11:43:56 tiers    quoting 14400s, 900s only — 3600s and 86400s are left alone on the ledger's record
2026-08-31 11:43:56 sampled  0 books in 0.0s; second look in 20s
2026-08-31 11:44:02 cycle 1  NAV 9462.67  idle 9462.67  resting 0.00  share 1.000402
2026-08-31 11:57:32 vault    0x2c96022771e8368283F8909C9a1923a4De9781E7
2026-08-31 11:57:32 operator 0x39D2bae5EAedA9283535dDC98F1991c81eD5Cd7E
2026-08-31 11:57:32 interval 30s  active 3  size 100 (x0.5 on 900s)  dead 6 ticks  momentum 3 ticks/20s  gas floor 0.5 STT  1 cycles
2026-08-31 11:57:32 fv       ON  refuse over 0.1 of edge, skew up to 3 ticks toward fair; no model means book-only and a log line saying so
2026-08-31 11:58:29 tiers    quoting 14400s, 900s only — 3600s and 86400s are left alone on the ledger's record
2026-08-31 11:58:29 sampled  0 books in 0.0s; second look in 20s
2026-08-31 11:58:33 cycle 1  NAV 9462.67  idle 9462.67  resting 0.00  share 1.000402
2026-08-31 12:12:24 vault    0x2c96022771e8368283F8909C9a1923a4De9781E7
2026-08-31 12:12:24 operator 0x39D2bae5EAedA9283535dDC98F1991c81eD5Cd7E
2026-08-31 12:12:24 interval 30s  active 3  size 100 (x0.5 on 900s)  dead 6 ticks  momentum 3 ticks/20s  gas floor 0.5 STT  1 cycles
2026-08-31 12:12:24 fv       ON  refuse over 0.1 of edge, skew up to 3 ticks toward fair; no model means book-only and a log line saying so
2026-08-31 12:13:39 reclaim  old 0x231443 32.797877104 STT, no slot left open  worked  0x2f281a0f0acec053e65bef2fb87318aa46a4dbdd8ab01d90c3108eff1f01994c  gas 58262
2026-08-31 12:13:49 tiers    quoting 14400s, 900s only — 3600s and 86400s are left alone on the ledger's record
2026-08-31 12:13:49 sampled  2 books in 0.4s; second look in 20s
2026-08-31 12:14:14 fv       ETH-0-31AUG26-1600/tUSDC  fair 0.652  spot 2453.15 strike 2445.43 (feed tick at tradingStart+0s)  sigma 38.6% on 239 M1 returns (half-life 120m, lambda 0.9942)  13549s left  d2 0.390  feed 1s old  book mid 0.641  edge 0.011
2026-08-31 12:14:14 skip     ETH-0-31AUG26-1600/tUSDC  mid moved 4 ticks in 20s — trending, not quoting
2026-08-31 12:14:15 fv       BTC-0-31AUG26-1600/tUSDC  fair 0.582  spot 78403.19 strike 78291.20 (feed tick at tradingStart+0s)  sigma 32.9% on 239 M1 returns (half-life 120m, lambda 0.9942)  13546s left  d2 0.206  feed 2s old  book mid 0.583  edge 0.002
2026-08-31 12:14:15 skip     BTC-0-31AUG26-1600/tUSDC  mid moved 3 ticks in 20s — trending, not quoting
2026-08-31 12:14:20 cycle 1  NAV 9462.67  idle 9462.67  resting 0.00  share 1.000402
2026-08-31 12:26:04 vault    0x2c96022771e8368283F8909C9a1923a4De9781E7
2026-08-31 12:26:04 operator 0x39D2bae5EAedA9283535dDC98F1991c81eD5Cd7E
2026-08-31 12:26:04 interval 30s  active 3  size 100 (x0.5 on 900s)  dead 6 ticks  momentum 3 ticks/20s  gas floor 0.5 STT  1 cycles
2026-08-31 12:26:04 fv       ON  refuse over 0.1 of edge, skew up to 3 ticks toward fair; no model means book-only and a log line saying so
2026-08-31 12:26:53 tiers    quoting 14400s, 900s only — 3600s and 86400s are left alone on the ledger's record
2026-08-31 12:26:53 sampled  2 books in 0.4s; second look in 20s
2026-08-31 12:27:19 fv       ETH-0-31AUG26-1600/tUSDC  fair 0.631  spot 2453.70 strike 2445.43 (feed tick at tradingStart+0s)  sigma 49.3% on 239 M1 returns (half-life 120m, lambda 0.9942)  12765s left  d2 0.335  feed 1s old  book mid 0.607  edge 0.025
2026-08-31 12:27:19 skip     ETH-0-31AUG26-1600/tUSDC  mid moved 39 ticks in 20s — trending, not quoting
2026-08-31 12:27:20 fv       BTC-0-31AUG26-1600/tUSDC  fair 0.383  spot 78123.30 strike 78291.20 (feed tick at tradingStart+0s)  sigma 36.3% on 239 M1 returns (half-life 120m, lambda 0.9942)  12761s left  d2 -0.297  feed 3s old  book mid 0.389  edge 0.005
2026-08-31 12:27:20 skip     BTC-0-31AUG26-1600/tUSDC  mid moved 19 ticks in 20s — trending, not quoting
2026-08-31 12:27:25 cycle 1  NAV 9462.67  idle 9462.67  resting 0.00  share 1.000402
2026-08-31 12:41:13 vault    0x2c96022771e8368283F8909C9a1923a4De9781E7
2026-08-31 12:41:13 operator 0x39D2bae5EAedA9283535dDC98F1991c81eD5Cd7E
2026-08-31 12:41:13 interval 30s  active 3  size 100 (x0.5 on 900s)  dead 6 ticks  momentum 3 ticks/20s  gas floor 0.5 STT  1 cycles
2026-08-31 12:41:13 fv       ON  refuse over 0.1 of edge, skew up to 3 ticks toward fair; no model means book-only and a log line saying so
2026-08-31 12:42:08 tiers    quoting 14400s, 900s only — 3600s and 86400s are left alone on the ledger's record
2026-08-31 12:42:08 sampled  2 books in 0.4s; second look in 20s
2026-08-31 12:42:31 fv       ETH-0-31AUG26-1600/tUSDC  fair 0.550  spot 2448.54 strike 2445.43 (feed tick at tradingStart+0s)  sigma 50.4% on 239 M1 returns (half-life 120m, lambda 0.9942)  11851s left  d2 0.125  feed 0s old  book mid 0.542  edge 0.008
2026-08-31 12:42:31 skip     ETH-0-31AUG26-1600/tUSDC  mid moved 9 ticks in 20s — trending, not quoting
2026-08-31 12:42:33 fv       BTC-0-31AUG26-1600/tUSDC  fair 0.205  spot 77819.13 strike 78291.20 (feed tick at tradingStart+0s)  sigma 38.1% on 239 M1 returns (half-life 120m, lambda 0.9942)  11848s left  d2 -0.822  feed 1s old  book mid 0.265  edge 0.059
2026-08-31 12:42:33 skip     BTC-0-31AUG26-1600/tUSDC  mid moved 17 ticks in 20s — trending, not quoting
2026-08-31 12:42:36 cycle 1  NAV 9462.67  idle 9462.67  resting 0.00  share 1.000402
2026-08-31 12:56:38 vault    0x2c96022771e8368283F8909C9a1923a4De9781E7
2026-08-31 12:56:38 operator 0x39D2bae5EAedA9283535dDC98F1991c81eD5Cd7E
2026-08-31 12:56:38 interval 30s  active 3  size 100 (x0.5 on 900s)  dead 6 ticks  momentum 3 ticks/20s  gas floor 0.5 STT  1 cycles
2026-08-31 12:56:38 fv       ON  refuse over 0.1 of edge, skew up to 3 ticks toward fair; no model means book-only and a log line saying so
2026-08-31 12:57:44 tiers    quoting 14400s, 900s only — 3600s and 86400s are left alone on the ledger's record
2026-08-31 12:57:44 sampled  2 books in 0.4s; second look in 20s
2026-08-31 12:58:07 fv       ETH-0-31AUG26-1600/tUSDC  fair 0.579  spot 2450.13 strike 2445.43 (feed tick at tradingStart+0s)  sigma 50.5% on 239 M1 returns (half-life 120m, lambda 0.9942)  10914s left  d2 0.199  feed 1s old  book mid 0.599  edge 0.020
2026-08-31 12:58:07 skip     ETH-0-31AUG26-1600/tUSDC  mid moved 4 ticks in 20s — trending, not quoting
2026-08-31 12:58:08 fv       BTC-0-31AUG26-1600/tUSDC  fair 0.220  spot 77864.55 strike 78291.20 (feed tick at tradingStart+0s)  sigma 38.2% on 239 M1 returns (half-life 120m, lambda 0.9942)  10913s left  d2 -0.773  feed 1s old  book mid 0.229  edge 0.009
2026-08-31 12:58:08 skip     BTC-0-31AUG26-1600/tUSDC  mid moved 7 ticks in 20s — trending, not quoting
2026-08-31 12:58:11 cycle 1  NAV 9462.67  idle 9462.67  resting 0.00  share 1.000402
2026-08-31 13:11:02 vault    0x2c96022771e8368283F8909C9a1923a4De9781E7
2026-08-31 13:11:02 operator 0x39D2bae5EAedA9283535dDC98F1991c81eD5Cd7E
2026-08-31 13:11:02 interval 30s  active 3  size 100 (x0.5 on 900s)  dead 6 ticks  momentum 3 ticks/20s  gas floor 0.5 STT  1 cycles
2026-08-31 13:11:02 fv       ON  refuse over 0.1 of edge, skew up to 3 ticks toward fair; no model means book-only and a log line saying so
2026-08-31 13:11:50 tiers    quoting 14400s, 900s only — 3600s and 86400s are left alone on the ledger's record
2026-08-31 13:11:50 sampled  2 books in 0.4s; second look in 20s
2026-08-31 13:12:14 fv       ETH-0-31AUG26-1600/tUSDC  fair 0.646  spot 2453.60 strike 2445.43 (feed tick at tradingStart+0s)  sigma 49.3% on 239 M1 returns (half-life 120m, lambda 0.9942)  10068s left  d2 0.373  feed 0s old  book mid 0.674  edge 0.028
2026-08-31 13:12:14 skip     ETH-0-31AUG26-1600/tUSDC  mid moved 27 ticks in 20s — trending, not quoting
2026-08-31 13:12:14 fv       BTC-0-31AUG26-1600/tUSDC  fair 0.318  spot 78048.53 strike 78291.20 (feed tick at tradingStart+0s)  sigma 37.0% on 239 M1 returns (half-life 120m, lambda 0.9942)  10066s left  d2 -0.473  feed 0s old  book mid 0.311  edge 0.007
2026-08-31 13:12:14 skip     BTC-0-31AUG26-1600/tUSDC  mid moved 21 ticks in 20s — trending, not quoting
2026-08-31 13:12:18 cycle 1  NAV 9462.67  idle 9462.67  resting 0.00  share 1.000402
2026-08-31 13:26:47 vault    0x2c96022771e8368283F8909C9a1923a4De9781E7
2026-08-31 13:26:47 operator 0x39D2bae5EAedA9283535dDC98F1991c81eD5Cd7E
2026-08-31 13:26:47 interval 30s  active 3  size 100 (x0.5 on 900s)  dead 6 ticks  momentum 3 ticks/20s  gas floor 0.5 STT  1 cycles
2026-08-31 13:26:47 fv       ON  refuse over 0.1 of edge, skew up to 3 ticks toward fair; no model means book-only and a log line saying so
2026-08-31 13:27:36 tiers    quoting 14400s, 900s only — 3600s and 86400s are left alone on the ledger's record
2026-08-31 13:27:37 sampled  2 books in 0.3s; second look in 20s
2026-08-31 13:28:00 fv       BTC-0-31AUG26-1600/tUSDC  fair 0.263  spot 77973.40 strike 78291.20 (feed tick at tradingStart+0s)  sigma 37.9% on 239 M1 returns (half-life 120m, lambda 0.9942)  9122s left  d2 -0.635  feed 1s old  book mid 0.241  edge 0.021
2026-08-31 13:28:00 skip     BTC-0-31AUG26-1600/tUSDC  mid moved 21 ticks in 20s — trending, not quoting
2026-08-31 13:28:01 fv       ETH-0-31AUG26-1600/tUSDC  fair 0.544  spot 2447.79 strike 2445.43 (feed tick at tradingStart+0s)  sigma 49.6% on 239 M1 returns (half-life 120m, lambda 0.9942)  9120s left  d2 0.110  feed 2s old  book mid 0.553  edge 0.010
2026-08-31 13:28:01 skip     ETH-0-31AUG26-1600/tUSDC  mid moved 34 ticks in 20s — trending, not quoting
2026-08-31 13:28:04 cycle 1  NAV 9462.67  idle 9462.67  resting 0.00  share 1.000402
2026-08-31 13:41:02 vault    0x2c96022771e8368283F8909C9a1923a4De9781E7
2026-08-31 13:41:02 operator 0x39D2bae5EAedA9283535dDC98F1991c81eD5Cd7E
2026-08-31 13:41:02 interval 30s  active 3  size 100 (x0.5 on 900s)  dead 6 ticks  momentum 3 ticks/20s  gas floor 0.5 STT  1 cycles
2026-08-31 13:41:02 fv       ON  refuse over 0.1 of edge, skew up to 3 ticks toward fair; no model means book-only and a log line saying so
2026-08-31 13:41:51 tiers    quoting 14400s, 900s only — 3600s and 86400s are left alone on the ledger's record
2026-08-31 13:41:51 sampled  2 books in 0.3s; second look in 20s
2026-08-31 13:42:13 fv       ETH-0-31AUG26-1600/tUSDC  fair 0.636  spot 2453.23 strike 2445.43 (feed tick at tradingStart+0s)  sigma 55.8% on 239 M1 returns (half-life 120m, lambda 0.9942)  8267s left  d2 0.348  feed 0s old  book mid 0.625  edge 0.011
2026-08-31 13:42:13 skip     ETH-0-31AUG26-1600/tUSDC  mid moved 13 ticks in 20s — trending, not quoting
2026-08-31 13:42:14 fv       BTC-0-31AUG26-1600/tUSDC  fair 0.416  spot 78166.35 strike 78291.20 (feed tick at tradingStart+0s)  sigma 47.6% on 239 M1 returns (half-life 120m, lambda 0.9942)  8266s left  d2 -0.211  feed 1s old  book mid 0.429  edge 0.013
2026-08-31 13:42:14 skip     BTC-0-31AUG26-1600/tUSDC  mid moved 11 ticks in 20s — trending, not quoting
2026-08-31 13:42:17 cycle 1  NAV 9462.67  idle 9462.67  resting 0.00  share 1.000402
2026-08-31 13:56:06 vault    0x2c96022771e8368283F8909C9a1923a4De9781E7
2026-08-31 13:56:06 operator 0x39D2bae5EAedA9283535dDC98F1991c81eD5Cd7E
2026-08-31 13:56:06 interval 30s  active 3  size 100 (x0.5 on 900s)  dead 6 ticks  momentum 3 ticks/20s  gas floor 0.5 STT  1 cycles
2026-08-31 13:56:06 fv       ON  refuse over 0.1 of edge, skew up to 3 ticks toward fair; no model means book-only and a log line saying so
2026-08-31 13:56:56 tiers    quoting 14400s, 900s only — 3600s and 86400s are left alone on the ledger's record
2026-08-31 13:56:56 sampled  2 books in 0.3s; second look in 20s
2026-08-31 13:57:18 fv       ETH-0-31AUG26-1600/tUSDC  fair 0.453  spot 2443.02 strike 2445.43 (feed tick at tradingStart+0s)  sigma 56.7% on 239 M1 returns (half-life 120m, lambda 0.9942)  7362s left  d2 -0.119  feed 1s old  book mid 0.461  edge 0.008
2026-08-31 13:57:18 skip     ETH-0-31AUG26-1600/tUSDC  mid moved 17 ticks in 20s — trending, not quoting
2026-08-31 13:57:19 fv       BTC-0-31AUG26-1600/tUSDC  fair 0.261  spot 77910.29 strike 78291.20 (feed tick at tradingStart+0s)  sigma 50.1% on 239 M1 returns (half-life 120m, lambda 0.9942)  7361s left  d2 -0.641  feed 2s old  book mid 0.299  edge 0.038
2026-08-31 13:57:19 skip     BTC-0-31AUG26-1600/tUSDC  mid moved 11 ticks in 20s — trending, not quoting
2026-08-31 13:57:22 cycle 1  NAV 9462.67  idle 9462.67  resting 0.00  share 1.000402
2026-08-31 14:11:07 vault    0x2c96022771e8368283F8909C9a1923a4De9781E7
2026-08-31 14:11:07 operator 0x39D2bae5EAedA9283535dDC98F1991c81eD5Cd7E
2026-08-31 14:11:07 interval 30s  active 3  size 100 (x0.5 on 900s)  dead 6 ticks  momentum 3 ticks/20s  gas floor 0.5 STT  1 cycles
2026-08-31 14:11:07 fv       ON  refuse over 0.1 of edge, skew up to 3 ticks toward fair; no model means book-only and a log line saying so
2026-08-31 14:11:56 tiers    quoting 14400s, 900s only — 3600s and 86400s are left alone on the ledger's record
2026-08-31 14:11:57 sampled  2 books in 0.3s; second look in 20s
2026-08-31 14:12:19 fv       ETH-0-31AUG26-1600/tUSDC  fair 0.405  spot 2440.30 strike 2445.43 (feed tick at tradingStart+0s)  sigma 62.0% on 239 M1 returns (half-life 108m, lambda 0.9936)  6462s left  d2 -0.242  feed 1s old  book mid 0.400  edge 0.004
2026-08-31 14:12:19 skip     ETH-0-31AUG26-1600/tUSDC  mid moved 8 ticks in 20s — trending, not quoting
2026-08-31 14:12:20 fv       BTC-0-31AUG26-1600/tUSDC  fair 0.239  spot 77859.74 strike 78291.20 (feed tick at tradingStart+0s)  sigma 54.6% on 239 M1 returns (half-life 108m, lambda 0.9936)  6461s left  d2 -0.711  feed 1s old  book mid 0.231  edge 0.008
2026-08-31 14:12:20 skip     BTC-0-31AUG26-1600/tUSDC  mid moved 18 ticks in 20s — trending, not quoting
2026-08-31 14:12:23 cycle 1  NAV 9462.67  idle 9462.67  resting 0.00  share 1.000402
2026-08-31 14:26:14 vault    0x2c96022771e8368283F8909C9a1923a4De9781E7
2026-08-31 14:26:14 operator 0x39D2bae5EAedA9283535dDC98F1991c81eD5Cd7E
2026-08-31 14:26:14 interval 30s  active 3  size 100 (x0.5 on 900s)  dead 6 ticks  momentum 3 ticks/20s  gas floor 0.5 STT  1 cycles
2026-08-31 14:26:14 fv       ON  refuse over 0.1 of edge, skew up to 3 ticks toward fair; no model means book-only and a log line saying so
2026-08-31 14:27:02 tiers    quoting 14400s, 900s only — 3600s and 86400s are left alone on the ledger's record
2026-08-31 14:27:03 sampled  2 books in 0.3s; second look in 20s
2026-08-31 14:27:26 fv       ETH-0-31AUG26-1600/tUSDC  fair 0.418  spot 2441.33 strike 2445.43 (feed tick at tradingStart+0s)  sigma 62.8% on 239 M1 returns (half-life 93m, lambda 0.9925)  5556s left  d2 -0.206  feed 0s old  book mid 0.410  edge 0.008
2026-08-31 14:27:26 skip     ETH-0-31AUG26-1600/tUSDC  mid moved 32 ticks in 20s — trending, not quoting
2026-08-31 14:27:26 fv       BTC-0-31AUG26-1600/tUSDC  fair 0.223  spot 77855.95 strike 78291.20 (feed tick at tradingStart+0s)  sigma 55.3% on 239 M1 returns (half-life 93m, lambda 0.9925)  5554s left  d2 -0.763  feed 1s old  book mid 0.192  edge 0.031
2026-08-31 14:27:26 skip     BTC-0-31AUG26-1600/tUSDC  mid moved 8 ticks in 20s — trending, not quoting
2026-08-31 14:27:29 cycle 1  NAV 9462.67  idle 9462.67  resting 0.00  share 1.000402
2026-08-31 14:41:09 vault    0x2c96022771e8368283F8909C9a1923a4De9781E7
2026-08-31 14:41:09 operator 0x39D2bae5EAedA9283535dDC98F1991c81eD5Cd7E
2026-08-31 14:41:09 interval 30s  active 3  size 100 (x0.5 on 900s)  dead 6 ticks  momentum 3 ticks/20s  gas floor 0.5 STT  1 cycles
2026-08-31 14:41:09 fv       ON  refuse over 0.1 of edge, skew up to 3 ticks toward fair; no model means book-only and a log line saying so
2026-08-31 14:42:00 tiers    quoting 14400s, 900s only — 3600s and 86400s are left alone on the ledger's record
2026-08-31 14:42:00 sampled  2 books in 0.4s; second look in 20s
2026-08-31 14:42:22 fv       ETH-0-31AUG26-1600/tUSDC  fair 0.855  spot 2468.13 strike 2445.43 (feed tick at tradingStart+0s)  sigma 71.4% on 239 M1 returns (half-life 78m, lambda 0.9911)  4658s left  d2 1.059  feed 0s old  book mid 0.823  edge 0.032
2026-08-31 14:42:22 skip     ETH-0-31AUG26-1600/tUSDC  mid moved 11 ticks in 20s — trending, not quoting
2026-08-31 14:42:23 fv       BTC-0-31AUG26-1600/tUSDC  fair 0.634  spot 78493.63 strike 78291.20 (feed tick at tradingStart+0s)  sigma 61.4% on 239 M1 returns (half-life 78m, lambda 0.9911)  4657s left  d2 0.342  feed 1s old  book mid 0.648  edge 0.014
2026-08-31 14:42:23 quote    slot 0 BTC-0-31AUG26-1600/tUSDC  theirs 0.634/0.662  ours 0.633/0.657  size 100  escrow 97.60  (mid still, 2 ticks)  skew -3 ticks toward fair
2026-08-31 14:42:26 quote    slot 0 ee63  worked  0x26aaa24b29421e55d4e311f6c5e2dcae7bede116b46ba3dff7e46d7de9a76f11  gas 995737
2026-08-31 14:42:31 arm      16:05:15Z  worked  0xdbb01307f462c89a2a6e15f50443c5de55f43ee543b236093ed69437b8f956bf  gas 467050
2026-08-31 14:42:35 cycle 1  NAV 9428.37  idle 9365.07  resting 63.30  share 0.996776
2026-08-31 14:56:02 vault    0x2c96022771e8368283F8909C9a1923a4De9781E7
2026-08-31 14:56:02 operator 0x39D2bae5EAedA9283535dDC98F1991c81eD5Cd7E
2026-08-31 14:56:02 interval 30s  active 3  size 100 (x0.5 on 900s)  dead 6 ticks  momentum 3 ticks/20s  gas floor 0.5 STT  1 cycles
2026-08-31 14:56:02 fv       ON  refuse over 0.1 of edge, skew up to 3 ticks toward fair; no model means book-only and a log line saying so
2026-08-31 14:56:47 slot 0: complete set held, book 66 ticks from our mid — flattening
2026-08-31 14:56:50 flatten  slot 0 ee63  worked  0x71c03fda294007fbeb77afa632285bbc73ee8327d1e1b010b0626e57304859d4  gas 810582
2026-08-31 14:56:55 tiers    quoting 14400s, 900s only — 3600s and 86400s are left alone on the ledger's record
2026-08-31 14:56:55 sampled  1 books in 0.4s; second look in 20s
2026-08-31 14:57:17 fv       ETH-0-31AUG26-1600/tUSDC  fair 0.877  spot 2469.33 strike 2445.43 (feed tick at tradingStart+0s)  sigma 76.3% on 239 M1 returns (half-life 63m, lambda 0.9890)  3763s left  d2 1.162  feed -1s old  book mid 0.883  edge 0.005
2026-08-31 14:57:17 skip     ETH-0-31AUG26-1600/tUSDC  mid moved 10 ticks in 20s — trending, not quoting
2026-08-31 14:57:21 cycle 1  NAV 9465.07  idle 9465.07  resting 0.00  share 1.000655
2026-08-31 15:00:56 vault    0xda15A7137987170118417638a67bd45E864aB5Fe
2026-08-31 15:00:56 operator 0x39D2bae5EAedA9283535dDC98F1991c81eD5Cd7E
2026-08-31 15:00:56 interval 30s  active 3  size 100 (x0.5 on 900s)  dead 6 ticks  momentum 3 ticks/20s  gas floor 0.5 STT  1 cycles
2026-08-31 15:00:56 fv       ON  refuse over 0.1 of edge, skew up to 3 ticks toward fair; no model means book-only and a log line saying so
2026-08-31 15:01:49 tiers    quoting 14400s, 900s only — 3600s and 86400s are left alone on the ledger's record
2026-08-31 15:01:50 sampled  3 books in 0.6s; second look in 20s
2026-08-31 15:02:12 fv       ETH-0-31AUG26-1515-F0DF/tUSDC  fair 0.518  spot 2467.01 strike 2466.55 (feed tick at tradingStart+0s)  sigma 81.7% on 239 M1 returns (half-life 15m, lambda 0.9548)  769s left  d2 0.044  feed 0s old  book mid 0.527  edge 0.009
2026-08-31 15:02:12 skip     ETH-0-31AUG26-1515-F0DF/tUSDC  mid moved 34 ticks in 20s — trending, not quoting
2026-08-31 15:02:13 fv       BTC-0-31AUG26-1515/tUSDC  fair 0.434  spot 78516.76 strike 78560.46 (feed tick at tradingStart+0s)  sigma 68.2% on 239 M1 returns (half-life 15m, lambda 0.9548)  768s left  d2 -0.167  feed 1s old  book mid 0.424  edge 0.009
2026-08-31 15:02:13 skip     BTC-0-31AUG26-1515/tUSDC  mid moved 49 ticks in 20s — trending, not quoting
2026-08-31 15:02:13 fv       ETH-0-31AUG26-1515-F0D9/tUSDC  fair 0.518  spot 2467.01 strike 2466.55 (feed tick at tradingStart+0s)  sigma 81.7% on 239 M1 returns (half-life 15m, lambda 0.9548)  767s left  d2 0.044  feed 2s old  book mid 0.583  edge 0.066
2026-08-31 15:02:13 skip     ETH-0-31AUG26-1515-F0D9/tUSDC  mid moved 22 ticks in 20s — trending, not quoting
2026-08-31 15:02:16 cycle 1  NAV 9465.07  idle 9465.07  resting 0.00  share 1.000000
2026-08-31 15:13:45 vault    0xda15A7137987170118417638a67bd45E864aB5Fe
2026-08-31 15:13:45 operator 0x39D2bae5EAedA9283535dDC98F1991c81eD5Cd7E
2026-08-31 15:13:45 interval 30s  active 3  size 100 (x0.5 on 900s)  dead 6 ticks  momentum 3 ticks/20s  gas floor 0.5 STT  1 cycles
2026-08-31 15:13:45 fv       ON  refuse over 0.1 of edge, skew up to 3 ticks toward fair; no model means book-only and a log line saying so
2026-08-31 15:15:21 tiers    quoting 14400s, 900s only — 3600s and 86400s are left alone on the ledger's record
2026-08-31 15:15:22 sampled  2 books in 0.4s; second look in 20s
2026-08-31 15:15:45 fv       ETH-0-31AUG26-1530/tUSDC  fair 0.479  spot 2458.66 strike 2459.13 (feed tick at tradingStart+0s)  sigma 72.4% on 239 M1 returns (half-life 15m, lambda 0.9548)  857s left  d2 -0.052  feed 1s old  book mid 0.474  edge 0.006
2026-08-31 15:15:45 skip     ETH-0-31AUG26-1530/tUSDC  mid moved 109 ticks in 20s — trending, not quoting
2026-08-31 15:15:46 fv       BTC-0-31AUG26-1530/tUSDC  fair 0.438  spot 78264.67 strike 78302.81 (feed tick at tradingStart+0s)  sigma 60.4% on 239 M1 returns (half-life 15m, lambda 0.9548)  854s left  d2 -0.156  feed 2s old  book mid 0.406  edge 0.032
2026-08-31 15:15:46 skip     BTC-0-31AUG26-1530/tUSDC  mid moved 161 ticks in 20s — trending, not quoting
2026-08-31 15:15:49 cycle 1  NAV 9465.07  idle 9465.07  resting 0.00  share 1.000000
2026-08-31 15:15:54 vault    0xda15A7137987170118417638a67bd45E864aB5Fe
2026-08-31 15:15:54 operator 0x39D2bae5EAedA9283535dDC98F1991c81eD5Cd7E
2026-08-31 15:15:54 interval 30s  active 1  size 100 (x0.5 on 900s)  dead 6 ticks  momentum 999 ticks/20s  gas floor 0.5 STT  1 cycles
2026-08-31 15:15:54 fv       ON  refuse over 0.1 of edge, skew up to 3 ticks toward fair; no model means book-only and a log line saying so
2026-08-31 15:16:46 tiers    quoting 14400s, 900s only — 3600s and 86400s are left alone on the ledger's record
2026-08-31 15:16:46 sampled  2 books in 0.3s; second look in 20s
2026-08-31 15:17:09 fv       ETH-0-31AUG26-1530/tUSDC  fair 0.561  spot 2460.47 strike 2459.13 (feed tick at tradingStart+0s)  sigma 71.0% on 239 M1 returns (half-life 15m, lambda 0.9548)  772s left  d2 0.153  feed 0s old  book mid 0.576  edge 0.015
2026-08-31 15:17:09 quote    slot 0 ETH-0-31AUG26-1530/tUSDC  theirs 0.561/0.590  ours 0.560/0.584  size 50  escrow 48.80  (mid still, 82 ticks)  skew -3 ticks toward fair
2026-08-31 15:17:11 quote    slot 0 f115  rejected: The contract function "quote" reverted with the following signature:
2026-08-31 15:17:12 fv       BTC-0-31AUG26-1530/tUSDC  fair 0.550  spot 78331.63 strike 78302.81 (feed tick at tradingStart+0s)  sigma 58.4% on 239 M1 returns (half-life 15m, lambda 0.9548)  768s left  d2 0.126  feed 3s old  book mid 0.553  edge 0.003
2026-08-31 15:17:12 quote    slot 0 BTC-0-31AUG26-1530/tUSDC  theirs 0.538/0.568  ours 0.537/0.563  size 50  escrow 48.70  (mid still, 80 ticks)  skew -3 ticks toward fair
2026-08-31 15:17:14 quote    slot 0 f114  rejected: The contract function "quote" reverted with the following signature:
2026-08-31 15:17:14 fv       ETH-0-31AUG26-1530/tUSDC  fair 0.561  spot 2460.47 strike 2459.13 (feed tick at tradingStart+0s)  sigma 71.0% on 239 M1 returns (half-life 15m, lambda 0.9548)  765s left  d2 0.154  feed 6s old  book mid 0.576  edge 0.014
2026-08-31 15:17:14 quote    slot 1 ETH-0-31AUG26-1530/tUSDC  theirs 0.561/0.590  ours 0.560/0.584  size 50  escrow 48.80  (mid still, 82 ticks)  skew -3 ticks toward fair
2026-08-31 15:17:15 quote    slot 1 f115  rejected: The contract function "quote" reverted with the following signature:
2026-08-31 15:17:15 fv       BTC-0-31AUG26-1530/tUSDC  fair 0.550  spot 78331.63 strike 78302.81 (feed tick at tradingStart+0s)  sigma 58.4% on 239 M1 returns (half-life 15m, lambda 0.9548)  764s left  d2 0.127  feed 7s old  book mid 0.553  edge 0.003
2026-08-31 15:17:15 quote    slot 1 BTC-0-31AUG26-1530/tUSDC  theirs 0.538/0.568  ours 0.537/0.563  size 50  escrow 48.70  (mid still, 80 ticks)  skew -3 ticks toward fair
2026-08-31 15:17:19 quote    slot 1 f114  worked  0xfd3c1f136efe6730fe6a1b9a1e79e995c7dbc601042aaf45163c39a3ba8aa968  gas 2999949
2026-08-31 15:17:24 arm      15:35:15Z  worked  0x06b608a715454f97884a516e907103b1f86a6139aa1d31aab36b874104f05ff2  gas 467072
2026-08-31 15:17:25 cycle 1  NAV 9465.07  idle 9416.37  resting 48.70  share 1.000000
2026-08-31 15:18:43 vault    0xda15A7137987170118417638a67bd45E864aB5Fe
2026-08-31 15:18:43 operator 0x39D2bae5EAedA9283535dDC98F1991c81eD5Cd7E
2026-08-31 15:18:43 interval 30s  active 1  size 100 (x0.5 on 900s)  dead 6 ticks  momentum 3 ticks/20s  gas floor 0.5 STT  1 cycles
2026-08-31 15:18:43 fv       ON  refuse over 0.1 of edge, skew up to 3 ticks toward fair; no model means book-only and a log line saying so
2026-08-31 15:19:36 skip     slot 1 f114  completing costs 0.702 on top of 0.537 = 1.239 the pair, over the 1.060 line — carrying the leg instead
2026-08-31 15:19:40 cycle 1  NAV 9438.22  idle 9416.37  resting 21.85  share 0.997163
2026-08-31 15:26:30 vault    0xda15A7137987170118417638a67bd45E864aB5Fe
2026-08-31 15:26:30 operator 0x39D2bae5EAedA9283535dDC98F1991c81eD5Cd7E
2026-08-31 15:26:30 interval 30s  active 3  size 100 (x0.5 on 900s)  dead 6 ticks  momentum 3 ticks/20s  gas floor 0.5 STT  1 cycles
2026-08-31 15:26:30 fv       ON  refuse over 0.1 of edge, skew up to 3 ticks toward fair; no model means book-only and a log line saying so
2026-08-31 15:27:22 slot 1: complete set held, book 102 ticks from our mid — flattening
2026-08-31 15:27:25 flatten  slot 1 f114  worked  0xa956276c87e9bf3bb4d563d32cd20e7a85a9abcd824b40c6c02c2d3cfdddb4f3  gas 810604
2026-08-31 15:27:33 tiers    quoting 14400s, 900s only — 3600s and 86400s are left alone on the ledger's record
2026-08-31 15:27:33 sampled  0 books in 0.0s; second look in 20s
2026-08-31 15:27:38 cycle 1  NAV 9466.37  idle 9466.37  resting 0.00  share 1.000137
2026-08-31 15:41:02 vault    0xda15A7137987170118417638a67bd45E864aB5Fe
2026-08-31 15:41:02 operator 0x39D2bae5EAedA9283535dDC98F1991c81eD5Cd7E
2026-08-31 15:41:02 interval 30s  active 3  size 100 (x0.5 on 900s)  dead 6 ticks  momentum 3 ticks/20s  gas floor 0.5 STT  1 cycles
2026-08-31 15:41:02 fv       ON  refuse over 0.1 of edge, skew up to 3 ticks toward fair; no model means book-only and a log line saying so
2026-08-31 15:41:54 tiers    quoting 14400s, 900s only — 3600s and 86400s are left alone on the ledger's record
2026-08-31 15:41:54 sampled  0 books in 0.0s; second look in 20s
2026-08-31 15:41:58 cycle 1  NAV 9466.37  idle 9466.37  resting 0.00  share 1.000137
2026-08-31 15:56:02 vault    0xda15A7137987170118417638a67bd45E864aB5Fe
2026-08-31 15:56:02 operator 0x39D2bae5EAedA9283535dDC98F1991c81eD5Cd7E
2026-08-31 15:56:02 interval 30s  active 3  size 100 (x0.5 on 900s)  dead 6 ticks  momentum 3 ticks/20s  gas floor 0.5 STT  1 cycles
2026-08-31 15:56:02 fv       ON  refuse over 0.1 of edge, skew up to 3 ticks toward fair; no model means book-only and a log line saying so
2026-08-31 15:56:57 tiers    quoting 14400s, 900s only — 3600s and 86400s are left alone on the ledger's record
2026-08-31 15:56:57 sampled  0 books in 0.0s; second look in 20s
2026-08-31 15:57:01 cycle 1  NAV 9466.37  idle 9466.37  resting 0.00  share 1.000137
2026-08-31 16:06:06 vault    0xFd9c93581ADD42B9B13ba5550542Fc7315775cD9
2026-08-31 16:06:06 operator 0x39D2bae5EAedA9283535dDC98F1991c81eD5Cd7E
2026-08-31 16:06:06 interval 30s  active 2  size 100 (x0.5 on 900s)  dead 6 ticks  momentum 3 ticks/20s  gas floor 0.5 STT  1 cycles
2026-08-31 16:06:06 fv       ON  refuse over 0.1 of edge, skew up to 3 ticks toward fair; no model means book-only and a log line saying so
2026-08-31 16:07:02 tiers    quoting 14400s, 900s only — 3600s and 86400s are left alone on the ledger's record
2026-08-31 16:07:03 sampled  2 books in 0.4s; second look in 20s
2026-08-31 16:07:25 fv       ETH-0-31AUG26-2000/tUSDC  fair 0.523  spot 2469.43 strike 2467.21 (feed tick at tradingStart+0s)  sigma 66.7% on 239 M1 returns (half-life 120m, lambda 0.9942)  13956s left  d2 0.057  feed 1s old  book mid 0.553  edge 0.030
2026-08-31 16:07:25 skip     ETH-0-31AUG26-2000/tUSDC  mid moved 29 ticks in 20s — trending, not quoting
2026-08-31 16:07:26 fv       BTC-0-31AUG26-2000/tUSDC  fair 0.505  spot 78583.79 strike 78565.49 (feed tick at tradingStart+0s)  sigma 57.6% on 239 M1 returns (half-life 120m, lambda 0.9942)  13955s left  d2 0.013  feed 1s old  book mid 0.522  edge 0.017
2026-08-31 16:07:26 skip     BTC-0-31AUG26-2000/tUSDC  mid moved 33 ticks in 20s — trending, not quoting
2026-08-31 16:07:28 cycle 1  NAV 9566.37  idle 9566.37  resting 0.00  share 1.000000
2026-08-31 16:11:02 vault    0xFd9c93581ADD42B9B13ba5550542Fc7315775cD9
2026-08-31 16:11:02 operator 0x39D2bae5EAedA9283535dDC98F1991c81eD5Cd7E
2026-08-31 16:11:02 interval 30s  active 3  size 100 (x0.5 on 900s)  dead 6 ticks  momentum 3 ticks/20s  gas floor 0.5 STT  1 cycles
2026-08-31 16:11:02 fv       ON  refuse over 0.1 of edge, skew up to 3 ticks toward fair; no model means book-only and a log line saying so
2026-08-31 16:12:04 tiers    quoting 14400s, 900s only — 3600s and 86400s are left alone on the ledger's record
2026-08-31 16:12:04 sampled  2 books in 0.4s; second look in 20s
2026-08-31 16:12:26 fv       ETH-0-31AUG26-2000/tUSDC  fair 0.513  spot 2468.56 strike 2467.21 (feed tick at tradingStart+0s)  sigma 67.6% on 239 M1 returns (half-life 120m, lambda 0.9942)  13654s left  d2 0.032  feed -1s old  book mid 0.532  edge 0.020
2026-08-31 16:12:26 skip     ETH-0-31AUG26-2000/tUSDC  mid moved 14 ticks in 20s — trending, not quoting
2026-08-31 16:12:27 fv       BTC-0-31AUG26-2000/tUSDC  fair 0.569  spot 78735.75 strike 78565.49 (feed tick at tradingStart+0s)  sigma 58.0% on 239 M1 returns (half-life 120m, lambda 0.9942)  13653s left  d2 0.173  feed 0s old  book mid 0.635  edge 0.067
2026-08-31 16:12:27 skip     BTC-0-31AUG26-2000/tUSDC  mid moved 18 ticks in 20s — trending, not quoting
2026-08-31 16:12:31 cycle 1  NAV 9566.37  idle 9566.37  resting 0.00  share 1.000000
2026-08-31 16:26:09 vault    0xFd9c93581ADD42B9B13ba5550542Fc7315775cD9
2026-08-31 16:26:09 operator 0x39D2bae5EAedA9283535dDC98F1991c81eD5Cd7E
2026-08-31 16:26:09 interval 30s  active 3  size 100 (x0.5 on 900s)  dead 6 ticks  momentum 3 ticks/20s  gas floor 0.5 STT  1 cycles
2026-08-31 16:26:09 fv       ON  refuse over 0.1 of edge, skew up to 3 ticks toward fair; no model means book-only and a log line saying so
2026-08-31 16:27:07 tiers    quoting 14400s, 900s only — 3600s and 86400s are left alone on the ledger's record
2026-08-31 16:27:07 sampled  2 books in 0.3s; second look in 20s
2026-08-31 16:27:29 fv       ETH-0-31AUG26-2000/tUSDC  fair 0.450  spot 2463.38 strike 2467.21 (feed tick at tradingStart+0s)  sigma 64.4% on 239 M1 returns (half-life 120m, lambda 0.9942)  12752s left  d2 -0.127  feed -1s old  book mid 0.427  edge 0.022
2026-08-31 16:27:29 skip     ETH-0-31AUG26-2000/tUSDC  mid moved 6 ticks in 20s — trending, not quoting
2026-08-31 16:27:30 fv       BTC-0-31AUG26-2000/tUSDC  fair 0.506  spot 78583.10 strike 78565.49 (feed tick at tradingStart+0s)  sigma 56.5% on 239 M1 returns (half-life 120m, lambda 0.9942)  12750s left  d2 0.014  feed 0s old  book mid 0.512  edge 0.006
2026-08-31 16:27:30 quote    slot 0 BTC-0-31AUG26-2000/tUSDC  theirs 0.497/0.526  ours 0.496/0.520  size 100  escrow 97.60  (mid still, 1 ticks)  skew -3 ticks toward fair
2026-08-31 16:27:33 quote    slot 0 f1df  worked  0x9c15ebc140d0a12e7814847f5916d19e19cecb696f60ae7ebf6866630b08d7d9  gas 2995846
2026-08-31 16:27:37 arm      20:05:15Z  worked  0x0bd6d240edc791761755735025960a8d7487c4272b55dfe5e6ffd402a89f2faa  gas 467072
2026-08-31 16:27:40 cycle 1  NAV 9566.37  idle 9468.77  resting 97.60  share 1.000000
